href,urls,Gloud_Url
/photos/Imc-IoZDMXc,https://unsplash.com/photos/Imc-IoZDMXc/download?force=true,https://storage.cloud.google.com/avtech-pixabay/Unsplesh/Content/content_Imc-IoZDMXc_unsplash.jpg
/photos/7lryofJ0H9s,https://unsplash.com/photos/7lryofJ0H9s/download?force=true,https://storage.cloud.google.com/avtech-pixabay/Unsplesh/Content/content_7lryofJ0H9s_unsplash.jpg
/photos/0eo4e1eh13I,https://unsplash.com/photos/0eo4e1eh13I/download?force=true,https://storage.cloud.google.com/avtech-pixabay/Unsplesh/Content/content_0eo4e1eh13I_unsplash.jpg
/photos/TamMbr4okv4,https://unsplash.com/photos/TamMbr4okv4/download?force=true,https://storage.cloud.google.com/avtech-pixabay/Unsplesh/Content/content_TamMbr4okv4_unsplash.jpg
/photos/muS2RraYRuQ,https://unsplash.com/photos/muS2RraYRuQ/download?force=true,https://storage.cloud.google.com/avtech-pixabay/Unsplesh/Content/content_muS2RraYRuQ_unsplash.jpg
/photos/Ne9O_c9hQPA,https://unsplash.com/photos/Ne9O_c9hQPA/download?force=true,https://storage.cloud.google.com/avtech-pixabay/Unsplesh/Content/content_Ne9O_c9hQPA_unsplash.jpg
/photos/ukzHlkoz1IE,https://unsplash.com/photos/ukzHlkoz1IE/download?force=true,https://storage.cloud.google.com/avtech-pixabay/Unsplesh/Content/content_ukzHlkoz1IE_unsplash.jpg
/photos/Ll14C2t7zhk,https://unsplash.com/photos/Ll14C2t7zhk/download?force=true,https://storage.cloud.google.com/avtech-pixabay/Unsplesh/Content/content_Ll14C2t7zhk_unsplash.jpg
/photos/234xzemFR60,https://unsplash.com/photos/234xzemFR60/download?force=true,https://storage.cloud.google.com/avtech-pixabay/Unsplesh/Content/content_234xzemFR60_unsplash.jpg
/photos/jQrNp6tJSL0,https://unsplash.com/photos/jQrNp6tJSL0/download?force=true,https://storage.cloud.google.com/avtech-pixabay/Unsplesh/Content/content_jQrNp6tJSL0_unsplash.jpg
/photos/6FSnZxPU8oE,https://unsplash.com/photos/6FSnZxPU8oE/download?force=true,https://storage.cloud.google.com/avtech-pixabay/Unsplesh/Content/content_6FSnZxPU8oE_unsplash.jpg
/photos/98VJ1xDqQNg,https://unsplash.com/photos/98VJ1xDqQNg/download?force=true,https://storage.cloud.google.com/avtech-pixabay/Unsplesh/Content/content_98VJ1xDqQNg_unsplash.jpg
/photos/7dBx4w_oZFo,https://unsplash.com/photos/7dBx4w_oZFo/download?force=true,https://storage.cloud.google.com/avtech-pixabay/Unsplesh/Content/content_7dBx4w_oZFo_unsplash.jpg
/photos/NYHD2uSURR0,https://unsplash.com/photos/NYHD2uSURR0/download?force=true,https://storage.cloud.google.com/avtech-pixabay/Unsplesh/Content/content_NYHD2uSURR0_unsplash.jpg
/photos/Hg3BHX6U5jg,https://unsplash.com/photos/Hg3BHX6U5jg/download?force=true,https://storage.cloud.google.com/avtech-pixabay/Unsplesh/Content/content_Hg3BHX6U5jg_unsplash.jpg
/photos/PCf3I5uGzbY,https://unsplash.com/photos/PCf3I5uGzbY/download?force=true,https://storage.cloud.google.com/avtech-pixabay/Unsplesh/Content/content_PCf3I5uGzbY_unsplash.jpg
/photos/r5Yn4R4jIs8,https://unsplash.com/photos/r5Yn4R4jIs8/download?force=true,https://storage.cloud.google.com/avtech-pixabay/Unsplesh/Content/content_r5Yn4R4jIs8_unsplash.jpg
/photos/gup2ZJmFFfo,https://unsplash.com/photos/gup2ZJmFFfo/download?force=true,https://storage.cloud.google.com/avtech-pixabay/Unsplesh/Content/content_gup2ZJmFFfo_unsplash.jpg
/photos/PxaikXoyX54,https://unsplash.com/photos/PxaikXoyX54/download?force=true,https://storage.cloud.google.com/avtech-pixabay/Unsplesh/Content/content_PxaikXoyX54_unsplash.jpg
/photos/i60154vb9fg,https://unsplash.com/photos/i60154vb9fg/download?force=true,https://storage.cloud.google.com/avtech-pixabay/Unsplesh/Content/content_i60154vb9fg_unsplash.jpg
/photos/OHxW268bcMY,https://unsplash.com/photos/OHxW268bcMY/download?force=true,https://storage.cloud.google.com/avtech-pixabay/Unsplesh/Content/content_OHxW268bcMY_unsplash.jpg
/photos/nYogfqsh5NA,https://unsplash.com/photos/nYogfqsh5NA/download?force=true,https://storage.cloud.google.com/avtech-pixabay/Unsplesh/Content/content_nYogfqsh5NA_unsplash.jpg
/photos/x9c_v26KCsI,https://unsplash.com/photos/x9c_v26KCsI/download?force=true,https://storage.cloud.google.com/avtech-pixabay/Unsplesh/Content/content_x9c_v26KCsI_unsplash.jpg
/photos/TnJNRbj9Y-o,https://unsplash.com/photos/TnJNRbj9Y-o/download?force=true,https://storage.cloud.google.com/avtech-pixabay/Unsplesh/Content/content_TnJNRbj9Y-o_unsplash.jpg
/photos/3HsZtZqiMKM,https://unsplash.com/photos/3HsZtZqiMKM/download?force=true,https://storage.cloud.google.com/avtech-pixabay/Unsplesh/Content/content_3HsZtZqiMKM_unsplash.jpg
/photos/LERmV2dl4tQ,https://unsplash.com/photos/LERmV2dl4tQ/download?force=true,https://storage.cloud.google.com/avtech-pixabay/Unsplesh/Content/content_LERmV2dl4tQ_unsplash.jpg
/photos/7KsyY-Ed7B8,https://unsplash.com/photos/7KsyY-Ed7B8/download?force=true,https://storage.cloud.google.com/avtech-pixabay/Unsplesh/Content/content_7KsyY-Ed7B8_unsplash.jpg
/photos/juNVAj8-3ZA,https://unsplash.com/photos/juNVAj8-3ZA/download?force=true,https://storage.cloud.google.com/avtech-pixabay/Unsplesh/Content/content_juNVAj8-3ZA_unsplash.jpg
/photos/M5VqCeKC3vk,https://unsplash.com/photos/M5VqCeKC3vk/download?force=true,https://storage.cloud.google.com/avtech-pixabay/Unsplesh/Content/content_M5VqCeKC3vk_unsplash.jpg
/photos/mDgL7-vDDhI,https://unsplash.com/photos/mDgL7-vDDhI/download?force=true,https://storage.cloud.google.com/avtech-pixabay/Unsplesh/Content/content_mDgL7-vDDhI_unsplash.jpg
/photos/1C-2TraF9MA,https://unsplash.com/photos/1C-2TraF9MA/download?force=true,https://storage.cloud.google.com/avtech-pixabay/Unsplesh/Content/content_1C-2TraF9MA_unsplash.jpg
/photos/vCzh1jOyre8,https://unsplash.com/photos/vCzh1jOyre8/download?force=true,https://storage.cloud.google.com/avtech-pixabay/Unsplesh/Content/content_vCzh1jOyre8_unsplash.jpg
/photos/6e5hgWV2DAo,https://unsplash.com/photos/6e5hgWV2DAo/download?force=true,https://storage.cloud.google.com/avtech-pixabay/Unsplesh/Content/content_6e5hgWV2DAo_unsplash.jpg
/photos/hE8Mog4qK4Y,https://unsplash.com/photos/hE8Mog4qK4Y/download?force=true,https://storage.cloud.google.com/avtech-pixabay/Unsplesh/Content/content_hE8Mog4qK4Y_unsplash.jpg
/photos/zxQLUPFcvSs,https://unsplash.com/photos/zxQLUPFcvSs/download?force=true,https://storage.cloud.google.com/avtech-pixabay/Unsplesh/Content/content_zxQLUPFcvSs_unsplash.jpg
/photos/hoboZRiN3VQ,https://unsplash.com/photos/hoboZRiN3VQ/download?force=true,https://storage.cloud.google.com/avtech-pixabay/Unsplesh/Content/content_hoboZRiN3VQ_unsplash.jpg
/photos/lYBaCv1blNY,https://unsplash.com/photos/lYBaCv1blNY/download?force=true,https://storage.cloud.google.com/avtech-pixabay/Unsplesh/Content/content_lYBaCv1blNY_unsplash.jpg
/photos/nVBDq9nFm6Y,https://unsplash.com/photos/nVBDq9nFm6Y/download?force=true,https://storage.cloud.google.com/avtech-pixabay/Unsplesh/Content/content_nVBDq9nFm6Y_unsplash.jpg
/photos/NPNV1dmRlMo,https://unsplash.com/photos/NPNV1dmRlMo/download?force=true,https://storage.cloud.google.com/avtech-pixabay/Unsplesh/Content/content_NPNV1dmRlMo_unsplash.jpg
/photos/sQ0xXxQdfeY,https://unsplash.com/photos/sQ0xXxQdfeY/download?force=true,https://storage.cloud.google.com/avtech-pixabay/Unsplesh/Content/content_sQ0xXxQdfeY_unsplash.jpg
/photos/4yeSs3JDQFU,https://unsplash.com/photos/4yeSs3JDQFU/download?force=true,https://storage.cloud.google.com/avtech-pixabay/Unsplesh/Content/content_4yeSs3JDQFU_unsplash.jpg
/photos/ST_waoj6ndw,https://unsplash.com/photos/ST_waoj6ndw/download?force=true,https://storage.cloud.google.com/avtech-pixabay/Unsplesh/Content/content_ST_waoj6ndw_unsplash.jpg
/photos/ZWIqGpOYqRg,https://unsplash.com/photos/ZWIqGpOYqRg/download?force=true,https://storage.cloud.google.com/avtech-pixabay/Unsplesh/Content/content_ZWIqGpOYqRg_unsplash.jpg
/photos/nIRqEnPNowE,https://unsplash.com/photos/nIRqEnPNowE/download?force=true,https://storage.cloud.google.com/avtech-pixabay/Unsplesh/Content/content_nIRqEnPNowE_unsplash.jpg
/photos/xz8-g_nmHs0,https://unsplash.com/photos/xz8-g_nmHs0/download?force=true,https://storage.cloud.google.com/avtech-pixabay/Unsplesh/Content/content_xz8-g_nmHs0_unsplash.jpg
/photos/4rgGY-Aa308,https://unsplash.com/photos/4rgGY-Aa308/download?force=true,https://storage.cloud.google.com/avtech-pixabay/Unsplesh/Content/content_4rgGY-Aa308_unsplash.jpg
/photos/VAmXDYHJsyE,https://unsplash.com/photos/VAmXDYHJsyE/download?force=true,https://storage.cloud.google.com/avtech-pixabay/Unsplesh/Content/content_VAmXDYHJsyE_unsplash.jpg
/photos/0A5Lyckmm8s,https://unsplash.com/photos/0A5Lyckmm8s/download?force=true,https://storage.cloud.google.com/avtech-pixabay/Unsplesh/Content/content_0A5Lyckmm8s_unsplash.jpg
/photos/Ormmc9LV248,https://unsplash.com/photos/Ormmc9LV248/download?force=true,https://storage.cloud.google.com/avtech-pixabay/Unsplesh/Content/content_Ormmc9LV248_unsplash.jpg
/photos/XUcS7cCyZbY,https://unsplash.com/photos/XUcS7cCyZbY/download?force=true,https://storage.cloud.google.com/avtech-pixabay/Unsplesh/Content/content_XUcS7cCyZbY_unsplash.jpg
/photos/_jhR5juE-aE,https://unsplash.com/photos/_jhR5juE-aE/download?force=true,https://storage.cloud.google.com/avtech-pixabay/Unsplesh/Content/content__jhR5juE-aE_unsplash.jpg
/photos/7Wiq6fpn1RE,https://unsplash.com/photos/7Wiq6fpn1RE/download?force=true,https://storage.cloud.google.com/avtech-pixabay/Unsplesh/Content/content_7Wiq6fpn1RE_unsplash.jpg
/photos/cMHUOrWJZ1c,https://unsplash.com/photos/cMHUOrWJZ1c/download?force=true,https://storage.cloud.google.com/avtech-pixabay/Unsplesh/Content/content_cMHUOrWJZ1c_unsplash.jpg
/photos/38n_7J6aTAI,https://unsplash.com/photos/38n_7J6aTAI/download?force=true,https://storage.cloud.google.com/avtech-pixabay/Unsplesh/Content/content_38n_7J6aTAI_unsplash.jpg
/photos/AHcxDVM0yik,https://unsplash.com/photos/AHcxDVM0yik/download?force=true,https://storage.cloud.google.com/avtech-pixabay/Unsplesh/Content/content_AHcxDVM0yik_unsplash.jpg
/photos/V1NoRoxodnM,https://unsplash.com/photos/V1NoRoxodnM/download?force=true,https://storage.cloud.google.com/avtech-pixabay/Unsplesh/Content/content_V1NoRoxodnM_unsplash.jpg
/photos/5hAVfzXs7GY,https://unsplash.com/photos/5hAVfzXs7GY/download?force=true,https://storage.cloud.google.com/avtech-pixabay/Unsplesh/Content/content_5hAVfzXs7GY_unsplash.jpg
/photos/czjMNwmYlYg,https://unsplash.com/photos/czjMNwmYlYg/download?force=true,https://storage.cloud.google.com/avtech-pixabay/Unsplesh/Content/content_czjMNwmYlYg_unsplash.jpg
/photos/09hn8uEQLuM,https://unsplash.com/photos/09hn8uEQLuM/download?force=true,https://storage.cloud.google.com/avtech-pixabay/Unsplesh/Content/content_09hn8uEQLuM_unsplash.jpg
/photos/wzN8i-7R99M,https://unsplash.com/photos/wzN8i-7R99M/download?force=true,https://storage.cloud.google.com/avtech-pixabay/Unsplesh/Content/content_wzN8i-7R99M_unsplash.jpg
/photos/9rVD1HJ23J8,https://unsplash.com/photos/9rVD1HJ23J8/download?force=true,https://storage.cloud.google.com/avtech-pixabay/Unsplesh/Content/content_9rVD1HJ23J8_unsplash.jpg
/photos/qJKT2rMU0VU,https://unsplash.com/photos/qJKT2rMU0VU/download?force=true,https://storage.cloud.google.com/avtech-pixabay/Unsplesh/Content/content_qJKT2rMU0VU_unsplash.jpg
/photos/97HfVpyNR1M,https://unsplash.com/photos/97HfVpyNR1M/download?force=true,https://storage.cloud.google.com/avtech-pixabay/Unsplesh/Content/content_97HfVpyNR1M_unsplash.jpg
/photos/21GWwco-JBQ,https://unsplash.com/photos/21GWwco-JBQ/download?force=true,https://storage.cloud.google.com/avtech-pixabay/Unsplesh/Content/content_21GWwco-JBQ_unsplash.jpg
/photos/TGDfpvSD8Lc,https://unsplash.com/photos/TGDfpvSD8Lc/download?force=true,https://storage.cloud.google.com/avtech-pixabay/Unsplesh/Content/content_TGDfpvSD8Lc_unsplash.jpg
/photos/o-ioeoATbIM,https://unsplash.com/photos/o-ioeoATbIM/download?force=true,https://storage.cloud.google.com/avtech-pixabay/Unsplesh/Content/content_o-ioeoATbIM_unsplash.jpg
/photos/2vCqH34PqWs,https://unsplash.com/photos/2vCqH34PqWs/download?force=true,https://storage.cloud.google.com/avtech-pixabay/Unsplesh/Content/content_2vCqH34PqWs_unsplash.jpg
/photos/2nOYe49Jz_s,https://unsplash.com/photos/2nOYe49Jz_s/download?force=true,https://storage.cloud.google.com/avtech-pixabay/Unsplesh/Content/content_2nOYe49Jz_s_unsplash.jpg
/photos/qNzLI82MAso,https://unsplash.com/photos/qNzLI82MAso/download?force=true,https://storage.cloud.google.com/avtech-pixabay/Unsplesh/Content/content_qNzLI82MAso_unsplash.jpg
/photos/J2syCbwF0OM,https://unsplash.com/photos/J2syCbwF0OM/download?force=true,https://storage.cloud.google.com/avtech-pixabay/Unsplesh/Content/content_J2syCbwF0OM_unsplash.jpg
/photos/7Mgo1Bc9snY,https://unsplash.com/photos/7Mgo1Bc9snY/download?force=true,https://storage.cloud.google.com/avtech-pixabay/Unsplesh/Content/content_7Mgo1Bc9snY_unsplash.jpg
/photos/e1JqbW5wRIU,https://unsplash.com/photos/e1JqbW5wRIU/download?force=true,https://storage.cloud.google.com/avtech-pixabay/Unsplesh/Content/content_e1JqbW5wRIU_unsplash.jpg
/photos/5fZqHF21CIw,https://unsplash.com/photos/5fZqHF21CIw/download?force=true,https://storage.cloud.google.com/avtech-pixabay/Unsplesh/Content/content_5fZqHF21CIw_unsplash.jpg
/photos/rjm8go9rL8Y,https://unsplash.com/photos/rjm8go9rL8Y/download?force=true,https://storage.cloud.google.com/avtech-pixabay/Unsplesh/Content/content_rjm8go9rL8Y_unsplash.jpg
/photos/PC6H2GU0DdA,https://unsplash.com/photos/PC6H2GU0DdA/download?force=true,https://storage.cloud.google.com/avtech-pixabay/Unsplesh/Content/content_PC6H2GU0DdA_unsplash.jpg
/photos/X9g97si7bw4,https://unsplash.com/photos/X9g97si7bw4/download?force=true,https://storage.cloud.google.com/avtech-pixabay/Unsplesh/Content/content_X9g97si7bw4_unsplash.jpg
/photos/FhZEpxtTI_Y,https://unsplash.com/photos/FhZEpxtTI_Y/download?force=true,https://storage.cloud.google.com/avtech-pixabay/Unsplesh/Content/content_FhZEpxtTI_Y_unsplash.jpg
/photos/k0FpXP2W5gk,https://unsplash.com/photos/k0FpXP2W5gk/download?force=true,https://storage.cloud.google.com/avtech-pixabay/Unsplesh/Content/content_k0FpXP2W5gk_unsplash.jpg
/photos/Cy1tY6A8Cbk,https://unsplash.com/photos/Cy1tY6A8Cbk/download?force=true,https://storage.cloud.google.com/avtech-pixabay/Unsplesh/Content/content_Cy1tY6A8Cbk_unsplash.jpg
/photos/cckf4TsHAuw,https://unsplash.com/photos/cckf4TsHAuw/download?force=true,https://storage.cloud.google.com/avtech-pixabay/Unsplesh/Content/content_cckf4TsHAuw_unsplash.jpg
/photos/vnpTRdmtQ30,https://unsplash.com/photos/vnpTRdmtQ30/download?force=true,https://storage.cloud.google.com/avtech-pixabay/Unsplesh/Content/content_vnpTRdmtQ30_unsplash.jpg
/photos/Oaqk7qqNh_c,https://unsplash.com/photos/Oaqk7qqNh_c/download?force=true,https://storage.cloud.google.com/avtech-pixabay/Unsplesh/Content/content_Oaqk7qqNh_c_unsplash.jpg
/photos/8pOTAtyd_Mc,https://unsplash.com/photos/8pOTAtyd_Mc/download?force=true,https://storage.cloud.google.com/avtech-pixabay/Unsplesh/Content/content_8pOTAtyd_Mc_unsplash.jpg
/photos/ute2XAFQU2I,https://unsplash.com/photos/ute2XAFQU2I/download?force=true,https://storage.cloud.google.com/avtech-pixabay/Unsplesh/Content/content_ute2XAFQU2I_unsplash.jpg
/photos/fIq0tET6llw,https://unsplash.com/photos/fIq0tET6llw/download?force=true,https://storage.cloud.google.com/avtech-pixabay/Unsplesh/Content/content_fIq0tET6llw_unsplash.jpg
/photos/21rLuJewFKQ,https://unsplash.com/photos/21rLuJewFKQ/download?force=true,https://storage.cloud.google.com/avtech-pixabay/Unsplesh/Content/content_21rLuJewFKQ_unsplash.jpg
/photos/gj6EdlqRrhc,https://unsplash.com/photos/gj6EdlqRrhc/download?force=true,https://storage.cloud.google.com/avtech-pixabay/Unsplesh/Content/content_gj6EdlqRrhc_unsplash.jpg
/photos/6LEdCX8JlB8,https://unsplash.com/photos/6LEdCX8JlB8/download?force=true,https://storage.cloud.google.com/avtech-pixabay/Unsplesh/Content/content_6LEdCX8JlB8_unsplash.jpg
/photos/wN8pecBHoHs,https://unsplash.com/photos/wN8pecBHoHs/download?force=true,https://storage.cloud.google.com/avtech-pixabay/Unsplesh/Content/content_wN8pecBHoHs_unsplash.jpg
/photos/tGmiIiH3Xh8,https://unsplash.com/photos/tGmiIiH3Xh8/download?force=true,https://storage.cloud.google.com/avtech-pixabay/Unsplesh/Content/content_tGmiIiH3Xh8_unsplash.jpg
/photos/Redgvf-Usmk,https://unsplash.com/photos/Redgvf-Usmk/download?force=true,https://storage.cloud.google.com/avtech-pixabay/Unsplesh/Content/content_Redgvf-Usmk_unsplash.jpg
/photos/-s9J0Pskfw8,https://unsplash.com/photos/-s9J0Pskfw8/download?force=true,https://storage.cloud.google.com/avtech-pixabay/Unsplesh/Content/content_-s9J0Pskfw8_unsplash.jpg
/photos/CDqg60rcnLg,https://unsplash.com/photos/CDqg60rcnLg/download?force=true,https://storage.cloud.google.com/avtech-pixabay/Unsplesh/Content/content_CDqg60rcnLg_unsplash.jpg
/photos/N9HyWwsZ43U,https://unsplash.com/photos/N9HyWwsZ43U/download?force=true,https://storage.cloud.google.com/avtech-pixabay/Unsplesh/Content/content_N9HyWwsZ43U_unsplash.jpg
/photos/goFBjlQiZFU,https://unsplash.com/photos/goFBjlQiZFU/download?force=true,https://storage.cloud.google.com/avtech-pixabay/Unsplesh/Content/content_goFBjlQiZFU_unsplash.jpg
/photos/B_J_YTD6pvQ,https://unsplash.com/photos/B_J_YTD6pvQ/download?force=true,https://storage.cloud.google.com/avtech-pixabay/Unsplesh/Content/content_B_J_YTD6pvQ_unsplash.jpg
/photos/XrKE1YrRuJk,https://unsplash.com/photos/XrKE1YrRuJk/download?force=true,https://storage.cloud.google.com/avtech-pixabay/Unsplesh/Content/content_XrKE1YrRuJk_unsplash.jpg
/photos/t1ACZcRcQmg,https://unsplash.com/photos/t1ACZcRcQmg/download?force=true,https://storage.cloud.google.com/avtech-pixabay/Unsplesh/Content/content_t1ACZcRcQmg_unsplash.jpg
/photos/C7OGRbOOzJ4,https://unsplash.com/photos/C7OGRbOOzJ4/download?force=true,https://storage.cloud.google.com/avtech-pixabay/Unsplesh/Content/content_C7OGRbOOzJ4_unsplash.jpg
/photos/B6d7-IOkUi8,https://unsplash.com/photos/B6d7-IOkUi8/download?force=true,https://storage.cloud.google.com/avtech-pixabay/Unsplesh/Content/content_B6d7-IOkUi8_unsplash.jpg
/photos/YDSX-A1n08s,https://unsplash.com/photos/YDSX-A1n08s/download?force=true,https://storage.cloud.google.com/avtech-pixabay/Unsplesh/Content/content_YDSX-A1n08s_unsplash.jpg
/photos/Wk6Jx6NQOGY,https://unsplash.com/photos/Wk6Jx6NQOGY/download?force=true,https://storage.cloud.google.com/avtech-pixabay/Unsplesh/Content/content_Wk6Jx6NQOGY_unsplash.jpg
/photos/YHuW5tIBtAo,https://unsplash.com/photos/YHuW5tIBtAo/download?force=true,https://storage.cloud.google.com/avtech-pixabay/Unsplesh/Content/content_YHuW5tIBtAo_unsplash.jpg
/photos/AruLoVR7I9o,https://unsplash.com/photos/AruLoVR7I9o/download?force=true,https://storage.cloud.google.com/avtech-pixabay/Unsplesh/Content/content_AruLoVR7I9o_unsplash.jpg
/photos/6Sr4OBYgHpQ,https://unsplash.com/photos/6Sr4OBYgHpQ/download?force=true,https://storage.cloud.google.com/avtech-pixabay/Unsplesh/Content/content_6Sr4OBYgHpQ_unsplash.jpg
/photos/IXvt-iL1Qlk,https://unsplash.com/photos/IXvt-iL1Qlk/download?force=true,https://storage.cloud.google.com/avtech-pixabay/Unsplesh/Content/content_IXvt-iL1Qlk_unsplash.jpg
/photos/ewXoI5RIxmc,https://unsplash.com/photos/ewXoI5RIxmc/download?force=true,https://storage.cloud.google.com/avtech-pixabay/Unsplesh/Content/content_ewXoI5RIxmc_unsplash.jpg
/photos/T-Dy7W90V5M,https://unsplash.com/photos/T-Dy7W90V5M/download?force=true,https://storage.cloud.google.com/avtech-pixabay/Unsplesh/Content/content_T-Dy7W90V5M_unsplash.jpg
/photos/YdE0i14Oy8M,https://unsplash.com/photos/YdE0i14Oy8M/download?force=true,https://storage.cloud.google.com/avtech-pixabay/Unsplesh/Content/content_YdE0i14Oy8M_unsplash.jpg
/photos/_iTGlOGfIPk,https://unsplash.com/photos/_iTGlOGfIPk/download?force=true,https://storage.cloud.google.com/avtech-pixabay/Unsplesh/Content/content__iTGlOGfIPk_unsplash.jpg
/photos/vyYN2TwjW9M,https://unsplash.com/photos/vyYN2TwjW9M/download?force=true,https://storage.cloud.google.com/avtech-pixabay/Unsplesh/Content/content_vyYN2TwjW9M_unsplash.jpg
/photos/1fGhfmjnsTg,https://unsplash.com/photos/1fGhfmjnsTg/download?force=true,https://storage.cloud.google.com/avtech-pixabay/Unsplesh/Content/content_1fGhfmjnsTg_unsplash.jpg
/photos/DnRG-ekYYGs,https://unsplash.com/photos/DnRG-ekYYGs/download?force=true,https://storage.cloud.google.com/avtech-pixabay/Unsplesh/Content/content_DnRG-ekYYGs_unsplash.jpg
/photos/PlfagJj0yvI,https://unsplash.com/photos/PlfagJj0yvI/download?force=true,https://storage.cloud.google.com/avtech-pixabay/Unsplesh/Content/content_PlfagJj0yvI_unsplash.jpg
/photos/N1Xf2jYCRrM,https://unsplash.com/photos/N1Xf2jYCRrM/download?force=true,https://storage.cloud.google.com/avtech-pixabay/Unsplesh/Content/content_N1Xf2jYCRrM_unsplash.jpg
/photos/_zVGPn7IxNI,https://unsplash.com/photos/_zVGPn7IxNI/download?force=true,https://storage.cloud.google.com/avtech-pixabay/Unsplesh/Content/content__zVGPn7IxNI_unsplash.jpg
/photos/DsI6UDgZePc,https://unsplash.com/photos/DsI6UDgZePc/download?force=true,https://storage.cloud.google.com/avtech-pixabay/Unsplesh/Content/content_DsI6UDgZePc_unsplash.jpg
/photos/nYpmQlnqdSY,https://unsplash.com/photos/nYpmQlnqdSY/download?force=true,https://storage.cloud.google.com/avtech-pixabay/Unsplesh/Content/content_nYpmQlnqdSY_unsplash.jpg
/photos/rxpThOwuVgE,https://unsplash.com/photos/rxpThOwuVgE/download?force=true,https://storage.cloud.google.com/avtech-pixabay/Unsplesh/Content/content_rxpThOwuVgE_unsplash.jpg
/photos/-OB4gUcnxEY,https://unsplash.com/photos/-OB4gUcnxEY/download?force=true,https://storage.cloud.google.com/avtech-pixabay/Unsplesh/Content/content_-OB4gUcnxEY_unsplash.jpg
/photos/SZ-CEbUsB_I,https://unsplash.com/photos/SZ-CEbUsB_I/download?force=true,https://storage.cloud.google.com/avtech-pixabay/Unsplesh/Content/content_SZ-CEbUsB_I_unsplash.jpg
/photos/mk7D-4UCfmg,https://unsplash.com/photos/mk7D-4UCfmg/download?force=true,https://storage.cloud.google.com/avtech-pixabay/Unsplesh/Content/content_mk7D-4UCfmg_unsplash.jpg
/photos/IuLgi9PWETU,https://unsplash.com/photos/IuLgi9PWETU/download?force=true,https://storage.cloud.google.com/avtech-pixabay/Unsplesh/Content/content_IuLgi9PWETU_unsplash.jpg
/photos/MNd-Rka1o0Q,https://unsplash.com/photos/MNd-Rka1o0Q/download?force=true,https://storage.cloud.google.com/avtech-pixabay/Unsplesh/Content/content_MNd-Rka1o0Q_unsplash.jpg
/photos/KRELIShKxTM,https://unsplash.com/photos/KRELIShKxTM/download?force=true,https://storage.cloud.google.com/avtech-pixabay/Unsplesh/Content/content_KRELIShKxTM_unsplash.jpg
/photos/5rQG1mib90I,https://unsplash.com/photos/5rQG1mib90I/download?force=true,https://storage.cloud.google.com/avtech-pixabay/Unsplesh/Content/content_5rQG1mib90I_unsplash.jpg
/photos/B0AoqUagQlM,https://unsplash.com/photos/B0AoqUagQlM/download?force=true,https://storage.cloud.google.com/avtech-pixabay/Unsplesh/Content/content_B0AoqUagQlM_unsplash.jpg
/photos/DN7PeRhApV8,https://unsplash.com/photos/DN7PeRhApV8/download?force=true,https://storage.cloud.google.com/avtech-pixabay/Unsplesh/Content/content_DN7PeRhApV8_unsplash.jpg
/photos/oQd5dwDWu_8,https://unsplash.com/photos/oQd5dwDWu_8/download?force=true,https://storage.cloud.google.com/avtech-pixabay/Unsplesh/Content/content_oQd5dwDWu_8_unsplash.jpg
/photos/dEsuGK6iwXc,https://unsplash.com/photos/dEsuGK6iwXc/download?force=true,https://storage.cloud.google.com/avtech-pixabay/Unsplesh/Content/content_dEsuGK6iwXc_unsplash.jpg
/photos/MhReGSxfANo,https://unsplash.com/photos/MhReGSxfANo/download?force=true,https://storage.cloud.google.com/avtech-pixabay/Unsplesh/Content/content_MhReGSxfANo_unsplash.jpg
/photos/S4eSHM4nmxI,https://unsplash.com/photos/S4eSHM4nmxI/download?force=true,https://storage.cloud.google.com/avtech-pixabay/Unsplesh/Content/content_S4eSHM4nmxI_unsplash.jpg
/photos/DrxquWkGkew,https://unsplash.com/photos/DrxquWkGkew/download?force=true,https://storage.cloud.google.com/avtech-pixabay/Unsplesh/Content/content_DrxquWkGkew_unsplash.jpg
/photos/KX5THcoR1pY,https://unsplash.com/photos/KX5THcoR1pY/download?force=true,https://storage.cloud.google.com/avtech-pixabay/Unsplesh/Content/content_KX5THcoR1pY_unsplash.jpg
/photos/PcNSEwbXGBw,https://unsplash.com/photos/PcNSEwbXGBw/download?force=true,https://storage.cloud.google.com/avtech-pixabay/Unsplesh/Content/content_PcNSEwbXGBw_unsplash.jpg
/photos/2_eY1XOjzwE,https://unsplash.com/photos/2_eY1XOjzwE/download?force=true,https://storage.cloud.google.com/avtech-pixabay/Unsplesh/Content/content_2_eY1XOjzwE_unsplash.jpg
/photos/yFsCyj9majQ,https://unsplash.com/photos/yFsCyj9majQ/download?force=true,https://storage.cloud.google.com/avtech-pixabay/Unsplesh/Content/content_yFsCyj9majQ_unsplash.jpg
/photos/d0ZFjfvd6YA,https://unsplash.com/photos/d0ZFjfvd6YA/download?force=true,https://storage.cloud.google.com/avtech-pixabay/Unsplesh/Content/content_d0ZFjfvd6YA_unsplash.jpg
/photos/9N-usDehIHY,https://unsplash.com/photos/9N-usDehIHY/download?force=true,https://storage.cloud.google.com/avtech-pixabay/Unsplesh/Content/content_9N-usDehIHY_unsplash.jpg
/photos/PJT_XqdyRpA,https://unsplash.com/photos/PJT_XqdyRpA/download?force=true,https://storage.cloud.google.com/avtech-pixabay/Unsplesh/Content/content_PJT_XqdyRpA_unsplash.jpg
/photos/vhJ_RXpVbyQ,https://unsplash.com/photos/vhJ_RXpVbyQ/download?force=true,https://storage.cloud.google.com/avtech-pixabay/Unsplesh/Content/content_vhJ_RXpVbyQ_unsplash.jpg
/photos/I5LTVH2mkrA,https://unsplash.com/photos/I5LTVH2mkrA/download?force=true,https://storage.cloud.google.com/avtech-pixabay/Unsplesh/Content/content_I5LTVH2mkrA_unsplash.jpg
/photos/WTe3w4POlCE,https://unsplash.com/photos/WTe3w4POlCE/download?force=true,https://storage.cloud.google.com/avtech-pixabay/Unsplesh/Content/content_WTe3w4POlCE_unsplash.jpg
/photos/_NgbLECQ6O8,https://unsplash.com/photos/_NgbLECQ6O8/download?force=true,https://storage.cloud.google.com/avtech-pixabay/Unsplesh/Content/content__NgbLECQ6O8_unsplash.jpg
/photos/B6urSV4bhLA,https://unsplash.com/photos/B6urSV4bhLA/download?force=true,https://storage.cloud.google.com/avtech-pixabay/Unsplesh/Content/content_B6urSV4bhLA_unsplash.jpg
/photos/rnAdgNEy8Us,https://unsplash.com/photos/rnAdgNEy8Us/download?force=true,https://storage.cloud.google.com/avtech-pixabay/Unsplesh/Content/content_rnAdgNEy8Us_unsplash.jpg
/photos/0zUTQ_26Yxc,https://unsplash.com/photos/0zUTQ_26Yxc/download?force=true,https://storage.cloud.google.com/avtech-pixabay/Unsplesh/Content/content_0zUTQ_26Yxc_unsplash.jpg
/photos/ZOAR2zuVpDk,https://unsplash.com/photos/ZOAR2zuVpDk/download?force=true,https://storage.cloud.google.com/avtech-pixabay/Unsplesh/Content/content_ZOAR2zuVpDk_unsplash.jpg
/photos/v_nX1l4sdzo,https://unsplash.com/photos/v_nX1l4sdzo/download?force=true,https://storage.cloud.google.com/avtech-pixabay/Unsplesh/Content/content_v_nX1l4sdzo_unsplash.jpg
/photos/SJ2k_maU7YQ,https://unsplash.com/photos/SJ2k_maU7YQ/download?force=true,https://storage.cloud.google.com/avtech-pixabay/Unsplesh/Content/content_SJ2k_maU7YQ_unsplash.jpg
/photos/qLQb8mqO0JQ,https://unsplash.com/photos/qLQb8mqO0JQ/download?force=true,https://storage.cloud.google.com/avtech-pixabay/Unsplesh/Content/content_qLQb8mqO0JQ_unsplash.jpg
/photos/FQ0tfv5xzBA,https://unsplash.com/photos/FQ0tfv5xzBA/download?force=true,https://storage.cloud.google.com/avtech-pixabay/Unsplesh/Content/content_FQ0tfv5xzBA_unsplash.jpg
/photos/O7H9G8OPFhQ,https://unsplash.com/photos/O7H9G8OPFhQ/download?force=true,https://storage.cloud.google.com/avtech-pixabay/Unsplesh/Content/content_O7H9G8OPFhQ_unsplash.jpg
/photos/VvAcrVa56fc,https://unsplash.com/photos/VvAcrVa56fc/download?force=true,https://storage.cloud.google.com/avtech-pixabay/Unsplesh/Content/content_VvAcrVa56fc_unsplash.jpg
/photos/jXDsfr8MgPE,https://unsplash.com/photos/jXDsfr8MgPE/download?force=true,https://storage.cloud.google.com/avtech-pixabay/Unsplesh/Content/content_jXDsfr8MgPE_unsplash.jpg
/photos/oj0BCwVAusM,https://unsplash.com/photos/oj0BCwVAusM/download?force=true,https://storage.cloud.google.com/avtech-pixabay/Unsplesh/Content/content_oj0BCwVAusM_unsplash.jpg
/photos/12-1P6y5ofw,https://unsplash.com/photos/12-1P6y5ofw/download?force=true,https://storage.cloud.google.com/avtech-pixabay/Unsplesh/Content/content_12-1P6y5ofw_unsplash.jpg
/photos/WOf8XVnytsk,https://unsplash.com/photos/WOf8XVnytsk/download?force=true,https://storage.cloud.google.com/avtech-pixabay/Unsplesh/Content/content_WOf8XVnytsk_unsplash.jpg
/photos/gA_SUqzRIcw,https://unsplash.com/photos/gA_SUqzRIcw/download?force=true,https://storage.cloud.google.com/avtech-pixabay/Unsplesh/Content/content_gA_SUqzRIcw_unsplash.jpg
/photos/N58H0FtcenQ,https://unsplash.com/photos/N58H0FtcenQ/download?force=true,https://storage.cloud.google.com/avtech-pixabay/Unsplesh/Content/content_N58H0FtcenQ_unsplash.jpg
/photos/DiaFAZLiHWg,https://unsplash.com/photos/DiaFAZLiHWg/download?force=true,https://storage.cloud.google.com/avtech-pixabay/Unsplesh/Content/content_DiaFAZLiHWg_unsplash.jpg
/photos/qa6dwVxR2h0,https://unsplash.com/photos/qa6dwVxR2h0/download?force=true,https://storage.cloud.google.com/avtech-pixabay/Unsplesh/Content/content_qa6dwVxR2h0_unsplash.jpg
/photos/fKrRhzJCs_s,https://unsplash.com/photos/fKrRhzJCs_s/download?force=true,https://storage.cloud.google.com/avtech-pixabay/Unsplesh/Content/content_fKrRhzJCs_s_unsplash.jpg
/photos/HTw8CwOGQfw,https://unsplash.com/photos/HTw8CwOGQfw/download?force=true,https://storage.cloud.google.com/avtech-pixabay/Unsplesh/Content/content_HTw8CwOGQfw_unsplash.jpg
/photos/svDX-GYdmRE,https://unsplash.com/photos/svDX-GYdmRE/download?force=true,https://storage.cloud.google.com/avtech-pixabay/Unsplesh/Content/content_svDX-GYdmRE_unsplash.jpg
/photos/IUrdCYJm1u4,https://unsplash.com/photos/IUrdCYJm1u4/download?force=true,https://storage.cloud.google.com/avtech-pixabay/Unsplesh/Content/content_IUrdCYJm1u4_unsplash.jpg
/photos/GntSiIMHyVM,https://unsplash.com/photos/GntSiIMHyVM/download?force=true,https://storage.cloud.google.com/avtech-pixabay/Unsplesh/Content/content_GntSiIMHyVM_unsplash.jpg
/photos/vNIgKjZbJW0,https://unsplash.com/photos/vNIgKjZbJW0/download?force=true,https://storage.cloud.google.com/avtech-pixabay/Unsplesh/Content/content_vNIgKjZbJW0_unsplash.jpg
/photos/papgZtEFaAA,https://unsplash.com/photos/papgZtEFaAA/download?force=true,https://storage.cloud.google.com/avtech-pixabay/Unsplesh/Content/content_papgZtEFaAA_unsplash.jpg
/photos/P6tBU2aqdW8,https://unsplash.com/photos/P6tBU2aqdW8/download?force=true,https://storage.cloud.google.com/avtech-pixabay/Unsplesh/Content/content_P6tBU2aqdW8_unsplash.jpg
/photos/wKGrlLW0CJ8,https://unsplash.com/photos/wKGrlLW0CJ8/download?force=true,https://storage.cloud.google.com/avtech-pixabay/Unsplesh/Content/content_wKGrlLW0CJ8_unsplash.jpg
/photos/59yRYIHWtzY,https://unsplash.com/photos/59yRYIHWtzY/download?force=true,https://storage.cloud.google.com/avtech-pixabay/Unsplesh/Content/content_59yRYIHWtzY_unsplash.jpg
/photos/WLXkaubn0Ig,https://unsplash.com/photos/WLXkaubn0Ig/download?force=true,https://storage.cloud.google.com/avtech-pixabay/Unsplesh/Content/content_WLXkaubn0Ig_unsplash.jpg
/photos/FyrAo89V2Rg,https://unsplash.com/photos/FyrAo89V2Rg/download?force=true,https://storage.cloud.google.com/avtech-pixabay/Unsplesh/Content/content_FyrAo89V2Rg_unsplash.jpg
/photos/aGWIFjXP3Jw,https://unsplash.com/photos/aGWIFjXP3Jw/download?force=true,https://storage.cloud.google.com/avtech-pixabay/Unsplesh/Content/content_aGWIFjXP3Jw_unsplash.jpg
/photos/h1RW-NFtUyc,https://unsplash.com/photos/h1RW-NFtUyc/download?force=true,https://storage.cloud.google.com/avtech-pixabay/Unsplesh/Content/content_h1RW-NFtUyc_unsplash.jpg
/photos/l2ZuQSwFOvU,https://unsplash.com/photos/l2ZuQSwFOvU/download?force=true,https://storage.cloud.google.com/avtech-pixabay/Unsplesh/Content/content_l2ZuQSwFOvU_unsplash.jpg
/photos/PbunLmDHMak,https://unsplash.com/photos/PbunLmDHMak/download?force=true,https://storage.cloud.google.com/avtech-pixabay/Unsplesh/Content/content_PbunLmDHMak_unsplash.jpg
/photos/22O1KQLA8pQ,https://unsplash.com/photos/22O1KQLA8pQ/download?force=true,https://storage.cloud.google.com/avtech-pixabay/Unsplesh/Content/content_22O1KQLA8pQ_unsplash.jpg
/photos/L2kkaayv3YY,https://unsplash.com/photos/L2kkaayv3YY/download?force=true,https://storage.cloud.google.com/avtech-pixabay/Unsplesh/Content/content_L2kkaayv3YY_unsplash.jpg
/photos/mPhft4IxBSo,https://unsplash.com/photos/mPhft4IxBSo/download?force=true,https://storage.cloud.google.com/avtech-pixabay/Unsplesh/Content/content_mPhft4IxBSo_unsplash.jpg
/photos/Ej_GTF0JPss,https://unsplash.com/photos/Ej_GTF0JPss/download?force=true,https://storage.cloud.google.com/avtech-pixabay/Unsplesh/Content/content_Ej_GTF0JPss_unsplash.jpg
/photos/EOAnV_C1a4w,https://unsplash.com/photos/EOAnV_C1a4w/download?force=true,https://storage.cloud.google.com/avtech-pixabay/Unsplesh/Content/content_EOAnV_C1a4w_unsplash.jpg
/photos/jmnw_FqdR8k,https://unsplash.com/photos/jmnw_FqdR8k/download?force=true,https://storage.cloud.google.com/avtech-pixabay/Unsplesh/Content/content_jmnw_FqdR8k_unsplash.jpg
/photos/2bE8Z-yin5Y,https://unsplash.com/photos/2bE8Z-yin5Y/download?force=true,https://storage.cloud.google.com/avtech-pixabay/Unsplesh/Content/content_2bE8Z-yin5Y_unsplash.jpg
/photos/5Myk8WSd_4c,https://unsplash.com/photos/5Myk8WSd_4c/download?force=true,https://storage.cloud.google.com/avtech-pixabay/Unsplesh/Content/content_5Myk8WSd_4c_unsplash.jpg
/photos/Snsux9OwaEs,https://unsplash.com/photos/Snsux9OwaEs/download?force=true,https://storage.cloud.google.com/avtech-pixabay/Unsplesh/Content/content_Snsux9OwaEs_unsplash.jpg
/photos/G_WYxNSpt1U,https://unsplash.com/photos/G_WYxNSpt1U/download?force=true,https://storage.cloud.google.com/avtech-pixabay/Unsplesh/Content/content_G_WYxNSpt1U_unsplash.jpg
/photos/gl5Qq9cXzjk,https://unsplash.com/photos/gl5Qq9cXzjk/download?force=true,https://storage.cloud.google.com/avtech-pixabay/Unsplesh/Content/content_gl5Qq9cXzjk_unsplash.jpg
/photos/oO9uKWVQ8Jc,https://unsplash.com/photos/oO9uKWVQ8Jc/download?force=true,https://storage.cloud.google.com/avtech-pixabay/Unsplesh/Content/content_oO9uKWVQ8Jc_unsplash.jpg
/photos/F-jwLitpfj8,https://unsplash.com/photos/F-jwLitpfj8/download?force=true,https://storage.cloud.google.com/avtech-pixabay/Unsplesh/Content/content_F-jwLitpfj8_unsplash.jpg
/photos/eqSdJCzNEFE,https://unsplash.com/photos/eqSdJCzNEFE/download?force=true,https://storage.cloud.google.com/avtech-pixabay/Unsplesh/Content/content_eqSdJCzNEFE_unsplash.jpg
/photos/AwaEHrSKc24,https://unsplash.com/photos/AwaEHrSKc24/download?force=true,https://storage.cloud.google.com/avtech-pixabay/Unsplesh/Content/content_AwaEHrSKc24_unsplash.jpg
/photos/Uy1P7uztd0M,https://unsplash.com/photos/Uy1P7uztd0M/download?force=true,https://storage.cloud.google.com/avtech-pixabay/Unsplesh/Content/content_Uy1P7uztd0M_unsplash.jpg
/photos/8USw7NwnpOE,https://unsplash.com/photos/8USw7NwnpOE/download?force=true,https://storage.cloud.google.com/avtech-pixabay/Unsplesh/Content/content_8USw7NwnpOE_unsplash.jpg
/photos/nph6DcLTckI,https://unsplash.com/photos/nph6DcLTckI/download?force=true,https://storage.cloud.google.com/avtech-pixabay/Unsplesh/Content/content_nph6DcLTckI_unsplash.jpg
/photos/glBaFSkTWJw,https://unsplash.com/photos/glBaFSkTWJw/download?force=true,https://storage.cloud.google.com/avtech-pixabay/Unsplesh/Content/content_glBaFSkTWJw_unsplash.jpg
/photos/Ht9FPY8XLog,https://unsplash.com/photos/Ht9FPY8XLog/download?force=true,https://storage.cloud.google.com/avtech-pixabay/Unsplesh/Content/content_Ht9FPY8XLog_unsplash.jpg
/photos/bLY5JqP_Ldw,https://unsplash.com/photos/bLY5JqP_Ldw/download?force=true,https://storage.cloud.google.com/avtech-pixabay/Unsplesh/Content/content_bLY5JqP_Ldw_unsplash.jpg
/photos/npxXWgQ33ZQ,https://unsplash.com/photos/npxXWgQ33ZQ/download?force=true,https://storage.cloud.google.com/avtech-pixabay/Unsplesh/Content/content_npxXWgQ33ZQ_unsplash.jpg
/photos/QLqNalPe0RA,https://unsplash.com/photos/QLqNalPe0RA/download?force=true,https://storage.cloud.google.com/avtech-pixabay/Unsplesh/Content/content_QLqNalPe0RA_unsplash.jpg
/photos/Ck8bIp1ccP8,https://unsplash.com/photos/Ck8bIp1ccP8/download?force=true,https://storage.cloud.google.com/avtech-pixabay/Unsplesh/Content/content_Ck8bIp1ccP8_unsplash.jpg
/photos/RhCgHe8GcwI,https://unsplash.com/photos/RhCgHe8GcwI/download?force=true,https://storage.cloud.google.com/avtech-pixabay/Unsplesh/Content/content_RhCgHe8GcwI_unsplash.jpg
/photos/h9Rx3zOYZws,https://unsplash.com/photos/h9Rx3zOYZws/download?force=true,https://storage.cloud.google.com/avtech-pixabay/Unsplesh/Content/content_h9Rx3zOYZws_unsplash.jpg
/photos/0bdpDR6T03k,https://unsplash.com/photos/0bdpDR6T03k/download?force=true,https://storage.cloud.google.com/avtech-pixabay/Unsplesh/Content/content_0bdpDR6T03k_unsplash.jpg
/photos/guxYaHLb9Pk,https://unsplash.com/photos/guxYaHLb9Pk/download?force=true,https://storage.cloud.google.com/avtech-pixabay/Unsplesh/Content/content_guxYaHLb9Pk_unsplash.jpg
/photos/kxHXqVjMHGo,https://unsplash.com/photos/kxHXqVjMHGo/download?force=true,https://storage.cloud.google.com/avtech-pixabay/Unsplesh/Content/content_kxHXqVjMHGo_unsplash.jpg
/photos/nVlfssaPdZo,https://unsplash.com/photos/nVlfssaPdZo/download?force=true,https://storage.cloud.google.com/avtech-pixabay/Unsplesh/Content/content_nVlfssaPdZo_unsplash.jpg
/photos/mpN7xjKQ_Ns,https://unsplash.com/photos/mpN7xjKQ_Ns/download?force=true,https://storage.cloud.google.com/avtech-pixabay/Unsplesh/Content/content_mpN7xjKQ_Ns_unsplash.jpg
/photos/gENx9JQeQWs,https://unsplash.com/photos/gENx9JQeQWs/download?force=true,https://storage.cloud.google.com/avtech-pixabay/Unsplesh/Content/content_gENx9JQeQWs_unsplash.jpg
/photos/QlTsYZdH3t0,https://unsplash.com/photos/QlTsYZdH3t0/download?force=true,https://storage.cloud.google.com/avtech-pixabay/Unsplesh/Content/content_QlTsYZdH3t0_unsplash.jpg
/photos/f480QIEvwGI,https://unsplash.com/photos/f480QIEvwGI/download?force=true,https://storage.cloud.google.com/avtech-pixabay/Unsplesh/Content/content_f480QIEvwGI_unsplash.jpg
/photos/tETmR3nszGU,https://unsplash.com/photos/tETmR3nszGU/download?force=true,https://storage.cloud.google.com/avtech-pixabay/Unsplesh/Content/content_tETmR3nszGU_unsplash.jpg
/photos/KSjbEASPmSc,https://unsplash.com/photos/KSjbEASPmSc/download?force=true,https://storage.cloud.google.com/avtech-pixabay/Unsplesh/Content/content_KSjbEASPmSc_unsplash.jpg
/photos/ccMk-A0eGHI,https://unsplash.com/photos/ccMk-A0eGHI/download?force=true,https://storage.cloud.google.com/avtech-pixabay/Unsplesh/Content/content_ccMk-A0eGHI_unsplash.jpg
/photos/1mEpiIOOr4A,https://unsplash.com/photos/1mEpiIOOr4A/download?force=true,https://storage.cloud.google.com/avtech-pixabay/Unsplesh/Content/content_1mEpiIOOr4A_unsplash.jpg
/photos/aGL8mj6ku2M,https://unsplash.com/photos/aGL8mj6ku2M/download?force=true,https://storage.cloud.google.com/avtech-pixabay/Unsplesh/Content/content_aGL8mj6ku2M_unsplash.jpg
/photos/TrmyaYotz-c,https://unsplash.com/photos/TrmyaYotz-c/download?force=true,https://storage.cloud.google.com/avtech-pixabay/Unsplesh/Content/content_TrmyaYotz-c_unsplash.jpg
/photos/06mwaWJ3HfM,https://unsplash.com/photos/06mwaWJ3HfM/download?force=true,https://storage.cloud.google.com/avtech-pixabay/Unsplesh/Content/content_06mwaWJ3HfM_unsplash.jpg
/photos/SmjIsdydGvM,https://unsplash.com/photos/SmjIsdydGvM/download?force=true,https://storage.cloud.google.com/avtech-pixabay/Unsplesh/Content/content_SmjIsdydGvM_unsplash.jpg
/photos/n9OxjBK-Reg,https://unsplash.com/photos/n9OxjBK-Reg/download?force=true,https://storage.cloud.google.com/avtech-pixabay/Unsplesh/Content/content_n9OxjBK-Reg_unsplash.jpg
/photos/jfLz5Ev0oDU,https://unsplash.com/photos/jfLz5Ev0oDU/download?force=true,https://storage.cloud.google.com/avtech-pixabay/Unsplesh/Content/content_jfLz5Ev0oDU_unsplash.jpg
/photos/7AVr8lG1KJU,https://unsplash.com/photos/7AVr8lG1KJU/download?force=true,https://storage.cloud.google.com/avtech-pixabay/Unsplesh/Content/content_7AVr8lG1KJU_unsplash.jpg
/photos/8zLGu1OZ35A,https://unsplash.com/photos/8zLGu1OZ35A/download?force=true,https://storage.cloud.google.com/avtech-pixabay/Unsplesh/Content/content_8zLGu1OZ35A_unsplash.jpg
/photos/Qyryr8O_3Wg,https://unsplash.com/photos/Qyryr8O_3Wg/download?force=true,https://storage.cloud.google.com/avtech-pixabay/Unsplesh/Content/content_Qyryr8O_3Wg_unsplash.jpg
/photos/ALhJO03aNkw,https://unsplash.com/photos/ALhJO03aNkw/download?force=true,https://storage.cloud.google.com/avtech-pixabay/Unsplesh/Content/content_ALhJO03aNkw_unsplash.jpg
/photos/VwsuhJ9uee4,https://unsplash.com/photos/VwsuhJ9uee4/download?force=true,https://storage.cloud.google.com/avtech-pixabay/Unsplesh/Content/content_VwsuhJ9uee4_unsplash.jpg
/photos/uDGL-z_hZnY,https://unsplash.com/photos/uDGL-z_hZnY/download?force=true,https://storage.cloud.google.com/avtech-pixabay/Unsplesh/Content/content_uDGL-z_hZnY_unsplash.jpg
/photos/E6DfCL4UosM,https://unsplash.com/photos/E6DfCL4UosM/download?force=true,https://storage.cloud.google.com/avtech-pixabay/Unsplesh/Content/content_E6DfCL4UosM_unsplash.jpg
/photos/XqcnBGDX9uE,https://unsplash.com/photos/XqcnBGDX9uE/download?force=true,https://storage.cloud.google.com/avtech-pixabay/Unsplesh/Content/content_XqcnBGDX9uE_unsplash.jpg
/photos/qWTmOTve8sc,https://unsplash.com/photos/qWTmOTve8sc/download?force=true,https://storage.cloud.google.com/avtech-pixabay/Unsplesh/Content/content_qWTmOTve8sc_unsplash.jpg
/photos/gz9XbG7Vc-Y,https://unsplash.com/photos/gz9XbG7Vc-Y/download?force=true,https://storage.cloud.google.com/avtech-pixabay/Unsplesh/Content/content_gz9XbG7Vc-Y_unsplash.jpg
/photos/6hXO_QJYUKc,https://unsplash.com/photos/6hXO_QJYUKc/download?force=true,https://storage.cloud.google.com/avtech-pixabay/Unsplesh/Content/content_6hXO_QJYUKc_unsplash.jpg
/photos/ZCNoBi9L36k,https://unsplash.com/photos/ZCNoBi9L36k/download?force=true,https://storage.cloud.google.com/avtech-pixabay/Unsplesh/Content/content_ZCNoBi9L36k_unsplash.jpg
/photos/q2RA1VdgtiI,https://unsplash.com/photos/q2RA1VdgtiI/download?force=true,https://storage.cloud.google.com/avtech-pixabay/Unsplesh/Content/content_q2RA1VdgtiI_unsplash.jpg
/photos/IzGkxN90Hgw,https://unsplash.com/photos/IzGkxN90Hgw/download?force=true,https://storage.cloud.google.com/avtech-pixabay/Unsplesh/Content/content_IzGkxN90Hgw_unsplash.jpg
/photos/ghLgkZTyLTc,https://unsplash.com/photos/ghLgkZTyLTc/download?force=true,https://storage.cloud.google.com/avtech-pixabay/Unsplesh/Content/content_ghLgkZTyLTc_unsplash.jpg
/photos/Q_-1TvfJgxk,https://unsplash.com/photos/Q_-1TvfJgxk/download?force=true,https://storage.cloud.google.com/avtech-pixabay/Unsplesh/Content/content_Q_-1TvfJgxk_unsplash.jpg
/photos/bZYJ89REqIE,https://unsplash.com/photos/bZYJ89REqIE/download?force=true,https://storage.cloud.google.com/avtech-pixabay/Unsplesh/Content/content_bZYJ89REqIE_unsplash.jpg
/photos/JWDxZ2bk_cc,https://unsplash.com/photos/JWDxZ2bk_cc/download?force=true,https://storage.cloud.google.com/avtech-pixabay/Unsplesh/Content/content_JWDxZ2bk_cc_unsplash.jpg
/photos/NDLLFxTELrU,https://unsplash.com/photos/NDLLFxTELrU/download?force=true,https://storage.cloud.google.com/avtech-pixabay/Unsplesh/Content/content_NDLLFxTELrU_unsplash.jpg
/photos/s9CC2SKySJM,https://unsplash.com/photos/s9CC2SKySJM/download?force=true,https://storage.cloud.google.com/avtech-pixabay/Unsplesh/Content/content_s9CC2SKySJM_unsplash.jpg
/photos/_x6XZ_jp0g8,https://unsplash.com/photos/_x6XZ_jp0g8/download?force=true,https://storage.cloud.google.com/avtech-pixabay/Unsplesh/Content/content__x6XZ_jp0g8_unsplash.jpg
/photos/r02wxT3-PYw,https://unsplash.com/photos/r02wxT3-PYw/download?force=true,https://storage.cloud.google.com/avtech-pixabay/Unsplesh/Content/content_r02wxT3-PYw_unsplash.jpg
/photos/oqStl2L5oxI,https://unsplash.com/photos/oqStl2L5oxI/download?force=true,https://storage.cloud.google.com/avtech-pixabay/Unsplesh/Content/content_oqStl2L5oxI_unsplash.jpg
/photos/wD1LRb9OeEo,https://unsplash.com/photos/wD1LRb9OeEo/download?force=true,https://storage.cloud.google.com/avtech-pixabay/Unsplesh/Content/content_wD1LRb9OeEo_unsplash.jpg
/photos/RXnwBfUgwoA,https://unsplash.com/photos/RXnwBfUgwoA/download?force=true,https://storage.cloud.google.com/avtech-pixabay/Unsplesh/Content/content_RXnwBfUgwoA_unsplash.jpg
/photos/RpS21EjSMgM,https://unsplash.com/photos/RpS21EjSMgM/download?force=true,https://storage.cloud.google.com/avtech-pixabay/Unsplesh/Content/content_RpS21EjSMgM_unsplash.jpg
/photos/-N0YnyNweJQ,https://unsplash.com/photos/-N0YnyNweJQ/download?force=true,https://storage.cloud.google.com/avtech-pixabay/Unsplesh/Content/content_-N0YnyNweJQ_unsplash.jpg
/photos/TxdMTeYqZog,https://unsplash.com/photos/TxdMTeYqZog/download?force=true,https://storage.cloud.google.com/avtech-pixabay/Unsplesh/Content/content_TxdMTeYqZog_unsplash.jpg
/photos/bolwBzASJ5c,https://unsplash.com/photos/bolwBzASJ5c/download?force=true,https://storage.cloud.google.com/avtech-pixabay/Unsplesh/Content/content_bolwBzASJ5c_unsplash.jpg
/photos/CNcinPBdA94,https://unsplash.com/photos/CNcinPBdA94/download?force=true,https://storage.cloud.google.com/avtech-pixabay/Unsplesh/Content/content_CNcinPBdA94_unsplash.jpg
/photos/B3_86n_cy6c,https://unsplash.com/photos/B3_86n_cy6c/download?force=true,https://storage.cloud.google.com/avtech-pixabay/Unsplesh/Content/content_B3_86n_cy6c_unsplash.jpg
/photos/DRR5v8TIEYU,https://unsplash.com/photos/DRR5v8TIEYU/download?force=true,https://storage.cloud.google.com/avtech-pixabay/Unsplesh/Content/content_DRR5v8TIEYU_unsplash.jpg
/photos/Tljb0v38V_E,https://unsplash.com/photos/Tljb0v38V_E/download?force=true,https://storage.cloud.google.com/avtech-pixabay/Unsplesh/Content/content_Tljb0v38V_E_unsplash.jpg
/photos/v7UFJakwUGA,https://unsplash.com/photos/v7UFJakwUGA/download?force=true,https://storage.cloud.google.com/avtech-pixabay/Unsplesh/Content/content_v7UFJakwUGA_unsplash.jpg
/photos/cJIJGkN3qU8,https://unsplash.com/photos/cJIJGkN3qU8/download?force=true,https://storage.cloud.google.com/avtech-pixabay/Unsplesh/Content/content_cJIJGkN3qU8_unsplash.jpg
/photos/83luqSZQgHg,https://unsplash.com/photos/83luqSZQgHg/download?force=true,https://storage.cloud.google.com/avtech-pixabay/Unsplesh/Content/content_83luqSZQgHg_unsplash.jpg
/photos/HNXi5znlb8U,https://unsplash.com/photos/HNXi5znlb8U/download?force=true,https://storage.cloud.google.com/avtech-pixabay/Unsplesh/Content/content_HNXi5znlb8U_unsplash.jpg
/photos/0wgFmW8mUXE,https://unsplash.com/photos/0wgFmW8mUXE/download?force=true,https://storage.cloud.google.com/avtech-pixabay/Unsplesh/Content/content_0wgFmW8mUXE_unsplash.jpg
/photos/x4zuf5NPghk,https://unsplash.com/photos/x4zuf5NPghk/download?force=true,https://storage.cloud.google.com/avtech-pixabay/Unsplesh/Content/content_x4zuf5NPghk_unsplash.jpg
/photos/byhlv1Az4xU,https://unsplash.com/photos/byhlv1Az4xU/download?force=true,https://storage.cloud.google.com/avtech-pixabay/Unsplesh/Content/content_byhlv1Az4xU_unsplash.jpg
/photos/vAfb91M0Wec,https://unsplash.com/photos/vAfb91M0Wec/download?force=true,https://storage.cloud.google.com/avtech-pixabay/Unsplesh/Content/content_vAfb91M0Wec_unsplash.jpg
/photos/QFnMXehDyLM,https://unsplash.com/photos/QFnMXehDyLM/download?force=true,https://storage.cloud.google.com/avtech-pixabay/Unsplesh/Content/content_QFnMXehDyLM_unsplash.jpg
/photos/dRHx5eBjZ3w,https://unsplash.com/photos/dRHx5eBjZ3w/download?force=true,https://storage.cloud.google.com/avtech-pixabay/Unsplesh/Content/content_dRHx5eBjZ3w_unsplash.jpg
/photos/uAd3pp-nukk,https://unsplash.com/photos/uAd3pp-nukk/download?force=true,https://storage.cloud.google.com/avtech-pixabay/Unsplesh/Content/content_uAd3pp-nukk_unsplash.jpg
/photos/uUYwVlf-ALg,https://unsplash.com/photos/uUYwVlf-ALg/download?force=true,https://storage.cloud.google.com/avtech-pixabay/Unsplesh/Content/content_uUYwVlf-ALg_unsplash.jpg
/photos/KjlCGXmDfHw,https://unsplash.com/photos/KjlCGXmDfHw/download?force=true,https://storage.cloud.google.com/avtech-pixabay/Unsplesh/Content/content_KjlCGXmDfHw_unsplash.jpg
/photos/2k58cwVzMQI,https://unsplash.com/photos/2k58cwVzMQI/download?force=true,https://storage.cloud.google.com/avtech-pixabay/Unsplesh/Content/content_2k58cwVzMQI_unsplash.jpg
/photos/gbMHENeHYZw,https://unsplash.com/photos/gbMHENeHYZw/download?force=true,https://storage.cloud.google.com/avtech-pixabay/Unsplesh/Content/content_gbMHENeHYZw_unsplash.jpg
/photos/-2B4VxRpUOk,https://unsplash.com/photos/-2B4VxRpUOk/download?force=true,https://storage.cloud.google.com/avtech-pixabay/Unsplesh/Content/content_-2B4VxRpUOk_unsplash.jpg
/photos/9JZCmsPVCnk,https://unsplash.com/photos/9JZCmsPVCnk/download?force=true,https://storage.cloud.google.com/avtech-pixabay/Unsplesh/Content/content_9JZCmsPVCnk_unsplash.jpg
/photos/SpvR3bbNJJw,https://unsplash.com/photos/SpvR3bbNJJw/download?force=true,https://storage.cloud.google.com/avtech-pixabay/Unsplesh/Content/content_SpvR3bbNJJw_unsplash.jpg
/photos/gaxq4CrUUAk,https://unsplash.com/photos/gaxq4CrUUAk/download?force=true,https://storage.cloud.google.com/avtech-pixabay/Unsplesh/Content/content_gaxq4CrUUAk_unsplash.jpg
/photos/fpOEK2dElDI,https://unsplash.com/photos/fpOEK2dElDI/download?force=true,https://storage.cloud.google.com/avtech-pixabay/Unsplesh/Content/content_fpOEK2dElDI_unsplash.jpg
/photos/5J1pTAMRvkE,https://unsplash.com/photos/5J1pTAMRvkE/download?force=true,https://storage.cloud.google.com/avtech-pixabay/Unsplesh/Content/content_5J1pTAMRvkE_unsplash.jpg
/photos/vp6udpaQXkU,https://unsplash.com/photos/vp6udpaQXkU/download?force=true,https://storage.cloud.google.com/avtech-pixabay/Unsplesh/Content/content_vp6udpaQXkU_unsplash.jpg
/photos/kGgG8eDArnw,https://unsplash.com/photos/kGgG8eDArnw/download?force=true,https://storage.cloud.google.com/avtech-pixabay/Unsplesh/Content/content_kGgG8eDArnw_unsplash.jpg
/photos/5iyThkUTrNs,https://unsplash.com/photos/5iyThkUTrNs/download?force=true,https://storage.cloud.google.com/avtech-pixabay/Unsplesh/Content/content_5iyThkUTrNs_unsplash.jpg
/photos/Sa1z1pEzjPI,https://unsplash.com/photos/Sa1z1pEzjPI/download?force=true,https://storage.cloud.google.com/avtech-pixabay/Unsplesh/Content/content_Sa1z1pEzjPI_unsplash.jpg
/photos/KHtRaKCMLpI,https://unsplash.com/photos/KHtRaKCMLpI/download?force=true,https://storage.cloud.google.com/avtech-pixabay/Unsplesh/Content/content_KHtRaKCMLpI_unsplash.jpg
/photos/WAe-QkpE6as,https://unsplash.com/photos/WAe-QkpE6as/download?force=true,https://storage.cloud.google.com/avtech-pixabay/Unsplesh/Content/content_WAe-QkpE6as_unsplash.jpg
/photos/TluMvvrZ57g,https://unsplash.com/photos/TluMvvrZ57g/download?force=true,https://storage.cloud.google.com/avtech-pixabay/Unsplesh/Content/content_TluMvvrZ57g_unsplash.jpg
/photos/o7k9zbAm6DI,https://unsplash.com/photos/o7k9zbAm6DI/download?force=true,https://storage.cloud.google.com/avtech-pixabay/Unsplesh/Content/content_o7k9zbAm6DI_unsplash.jpg
/photos/2SEcaGYEzDw,https://unsplash.com/photos/2SEcaGYEzDw/download?force=true,https://storage.cloud.google.com/avtech-pixabay/Unsplesh/Content/content_2SEcaGYEzDw_unsplash.jpg
/photos/qCF4rE9MKYQ,https://unsplash.com/photos/qCF4rE9MKYQ/download?force=true,https://storage.cloud.google.com/avtech-pixabay/Unsplesh/Content/content_qCF4rE9MKYQ_unsplash.jpg
/photos/se-j_xmuUVk,https://unsplash.com/photos/se-j_xmuUVk/download?force=true,https://storage.cloud.google.com/avtech-pixabay/Unsplesh/Content/content_se-j_xmuUVk_unsplash.jpg
/photos/BU7JqsTbhic,https://unsplash.com/photos/BU7JqsTbhic/download?force=true,https://storage.cloud.google.com/avtech-pixabay/Unsplesh/Content/content_BU7JqsTbhic_unsplash.jpg
/photos/Jj5c_vzKkDQ,https://unsplash.com/photos/Jj5c_vzKkDQ/download?force=true,https://storage.cloud.google.com/avtech-pixabay/Unsplesh/Content/content_Jj5c_vzKkDQ_unsplash.jpg
/photos/aZW0bSblQ7c,https://unsplash.com/photos/aZW0bSblQ7c/download?force=true,https://storage.cloud.google.com/avtech-pixabay/Unsplesh/Content/content_aZW0bSblQ7c_unsplash.jpg
/photos/XL-YNHjQhSU,https://unsplash.com/photos/XL-YNHjQhSU/download?force=true,https://storage.cloud.google.com/avtech-pixabay/Unsplesh/Content/content_XL-YNHjQhSU_unsplash.jpg
/photos/OtFKligsDPc,https://unsplash.com/photos/OtFKligsDPc/download?force=true,https://storage.cloud.google.com/avtech-pixabay/Unsplesh/Content/content_OtFKligsDPc_unsplash.jpg
/photos/1lacaFe1gz8,https://unsplash.com/photos/1lacaFe1gz8/download?force=true,https://storage.cloud.google.com/avtech-pixabay/Unsplesh/Content/content_1lacaFe1gz8_unsplash.jpg
/photos/OjP7nggnN50,https://unsplash.com/photos/OjP7nggnN50/download?force=true,https://storage.cloud.google.com/avtech-pixabay/Unsplesh/Content/content_OjP7nggnN50_unsplash.jpg
/photos/yzBjVVQxbvk,https://unsplash.com/photos/yzBjVVQxbvk/download?force=true,https://storage.cloud.google.com/avtech-pixabay/Unsplesh/Content/content_yzBjVVQxbvk_unsplash.jpg
/photos/M20JaYyW1KI,https://unsplash.com/photos/M20JaYyW1KI/download?force=true,https://storage.cloud.google.com/avtech-pixabay/Unsplesh/Content/content_M20JaYyW1KI_unsplash.jpg
/photos/hy9BZqUuG1s,https://unsplash.com/photos/hy9BZqUuG1s/download?force=true,https://storage.cloud.google.com/avtech-pixabay/Unsplesh/Content/content_hy9BZqUuG1s_unsplash.jpg
/photos/aMhnIh1VhJ8,https://unsplash.com/photos/aMhnIh1VhJ8/download?force=true,https://storage.cloud.google.com/avtech-pixabay/Unsplesh/Content/content_aMhnIh1VhJ8_unsplash.jpg
/photos/AScF0SD8rso,https://unsplash.com/photos/AScF0SD8rso/download?force=true,https://storage.cloud.google.com/avtech-pixabay/Unsplesh/Content/content_AScF0SD8rso_unsplash.jpg
/photos/-B5_t5S_BFo,https://unsplash.com/photos/-B5_t5S_BFo/download?force=true,https://storage.cloud.google.com/avtech-pixabay/Unsplesh/Content/content_-B5_t5S_BFo_unsplash.jpg
/photos/cOg5Q3i2OkE,https://unsplash.com/photos/cOg5Q3i2OkE/download?force=true,https://storage.cloud.google.com/avtech-pixabay/Unsplesh/Content/content_cOg5Q3i2OkE_unsplash.jpg
/photos/MJN82hKaRb0,https://unsplash.com/photos/MJN82hKaRb0/download?force=true,https://storage.cloud.google.com/avtech-pixabay/Unsplesh/Content/content_MJN82hKaRb0_unsplash.jpg
/photos/IUitg35kAH0,https://unsplash.com/photos/IUitg35kAH0/download?force=true,https://storage.cloud.google.com/avtech-pixabay/Unsplesh/Content/content_IUitg35kAH0_unsplash.jpg
/photos/haUQC3eto2s,https://unsplash.com/photos/haUQC3eto2s/download?force=true,https://storage.cloud.google.com/avtech-pixabay/Unsplesh/Content/content_haUQC3eto2s_unsplash.jpg
/photos/qgdJX9mvMJI,https://unsplash.com/photos/qgdJX9mvMJI/download?force=true,https://storage.cloud.google.com/avtech-pixabay/Unsplesh/Content/content_qgdJX9mvMJI_unsplash.jpg
/photos/Lx7vsvRmWdA,https://unsplash.com/photos/Lx7vsvRmWdA/download?force=true,https://storage.cloud.google.com/avtech-pixabay/Unsplesh/Content/content_Lx7vsvRmWdA_unsplash.jpg
/photos/Pxqva5bPw3s,https://unsplash.com/photos/Pxqva5bPw3s/download?force=true,https://storage.cloud.google.com/avtech-pixabay/Unsplesh/Content/content_Pxqva5bPw3s_unsplash.jpg
/photos/jyilMH7B5kI,https://unsplash.com/photos/jyilMH7B5kI/download?force=true,https://storage.cloud.google.com/avtech-pixabay/Unsplesh/Content/content_jyilMH7B5kI_unsplash.jpg
/photos/mUH2himmbE0,https://unsplash.com/photos/mUH2himmbE0/download?force=true,https://storage.cloud.google.com/avtech-pixabay/Unsplesh/Content/content_mUH2himmbE0_unsplash.jpg
/photos/_J2JFRHLijI,https://unsplash.com/photos/_J2JFRHLijI/download?force=true,https://storage.cloud.google.com/avtech-pixabay/Unsplesh/Content/content__J2JFRHLijI_unsplash.jpg
/photos/1IARNM3BcLQ,https://unsplash.com/photos/1IARNM3BcLQ/download?force=true,https://storage.cloud.google.com/avtech-pixabay/Unsplesh/Content/content_1IARNM3BcLQ_unsplash.jpg
/photos/kHu9yfpNm1w,https://unsplash.com/photos/kHu9yfpNm1w/download?force=true,https://storage.cloud.google.com/avtech-pixabay/Unsplesh/Content/content_kHu9yfpNm1w_unsplash.jpg
/photos/RCXkMy0kd5o,https://unsplash.com/photos/RCXkMy0kd5o/download?force=true,https://storage.cloud.google.com/avtech-pixabay/Unsplesh/Content/content_RCXkMy0kd5o_unsplash.jpg
/photos/8EQTXMqr0vg,https://unsplash.com/photos/8EQTXMqr0vg/download?force=true,https://storage.cloud.google.com/avtech-pixabay/Unsplesh/Content/content_8EQTXMqr0vg_unsplash.jpg
/photos/yC1-IFuceZ4,https://unsplash.com/photos/yC1-IFuceZ4/download?force=true,https://storage.cloud.google.com/avtech-pixabay/Unsplesh/Content/content_yC1-IFuceZ4_unsplash.jpg
/photos/Mt-Jw7iA_P0,https://unsplash.com/photos/Mt-Jw7iA_P0/download?force=true,https://storage.cloud.google.com/avtech-pixabay/Unsplesh/Content/content_Mt-Jw7iA_P0_unsplash.jpg
/photos/SH_IjrKwG8c,https://unsplash.com/photos/SH_IjrKwG8c/download?force=true,https://storage.cloud.google.com/avtech-pixabay/Unsplesh/Content/content_SH_IjrKwG8c_unsplash.jpg
/photos/tLZhFRLj6nY,https://unsplash.com/photos/tLZhFRLj6nY/download?force=true,https://storage.cloud.google.com/avtech-pixabay/Unsplesh/Content/content_tLZhFRLj6nY_unsplash.jpg
/photos/gUcrrDxJ5SQ,https://unsplash.com/photos/gUcrrDxJ5SQ/download?force=true,https://storage.cloud.google.com/avtech-pixabay/Unsplesh/Content/content_gUcrrDxJ5SQ_unsplash.jpg
/photos/_w0FUwaRqUQ,https://unsplash.com/photos/_w0FUwaRqUQ/download?force=true,https://storage.cloud.google.com/avtech-pixabay/Unsplesh/Content/content__w0FUwaRqUQ_unsplash.jpg
/photos/5fNmWej4tAA,https://unsplash.com/photos/5fNmWej4tAA/download?force=true,https://storage.cloud.google.com/avtech-pixabay/Unsplesh/Content/content_5fNmWej4tAA_unsplash.jpg
/photos/KE0nC8-58MQ,https://unsplash.com/photos/KE0nC8-58MQ/download?force=true,https://storage.cloud.google.com/avtech-pixabay/Unsplesh/Content/content_KE0nC8-58MQ_unsplash.jpg
/photos/FHnnjk1Yj7Y,https://unsplash.com/photos/FHnnjk1Yj7Y/download?force=true,https://storage.cloud.google.com/avtech-pixabay/Unsplesh/Content/content_FHnnjk1Yj7Y_unsplash.jpg
/photos/DfMMzzi3rmg,https://unsplash.com/photos/DfMMzzi3rmg/download?force=true,https://storage.cloud.google.com/avtech-pixabay/Unsplesh/Content/content_DfMMzzi3rmg_unsplash.jpg
/photos/FoG8lotg7AA,https://unsplash.com/photos/FoG8lotg7AA/download?force=true,https://storage.cloud.google.com/avtech-pixabay/Unsplesh/Content/content_FoG8lotg7AA_unsplash.jpg
/photos/Q9L-n57IqLw,https://unsplash.com/photos/Q9L-n57IqLw/download?force=true,https://storage.cloud.google.com/avtech-pixabay/Unsplesh/Content/content_Q9L-n57IqLw_unsplash.jpg
/photos/BKxipJKe3G0,https://unsplash.com/photos/BKxipJKe3G0/download?force=true,https://storage.cloud.google.com/avtech-pixabay/Unsplesh/Content/content_BKxipJKe3G0_unsplash.jpg
/photos/J6p8nfCEuS4,https://unsplash.com/photos/J6p8nfCEuS4/download?force=true,https://storage.cloud.google.com/avtech-pixabay/Unsplesh/Content/content_J6p8nfCEuS4_unsplash.jpg
/photos/lG1uDmrj-zI,https://unsplash.com/photos/lG1uDmrj-zI/download?force=true,https://storage.cloud.google.com/avtech-pixabay/Unsplesh/Content/content_lG1uDmrj-zI_unsplash.jpg
/photos/t8SxccV0Agw,https://unsplash.com/photos/t8SxccV0Agw/download?force=true,https://storage.cloud.google.com/avtech-pixabay/Unsplesh/Content/content_t8SxccV0Agw_unsplash.jpg
/photos/DYnXfWX2mE4,https://unsplash.com/photos/DYnXfWX2mE4/download?force=true,https://storage.cloud.google.com/avtech-pixabay/Unsplesh/Content/content_DYnXfWX2mE4_unsplash.jpg
/photos/GzCeSAodc4Y,https://unsplash.com/photos/GzCeSAodc4Y/download?force=true,https://storage.cloud.google.com/avtech-pixabay/Unsplesh/Content/content_GzCeSAodc4Y_unsplash.jpg
/photos/VVWHFlZhEJc,https://unsplash.com/photos/VVWHFlZhEJc/download?force=true,https://storage.cloud.google.com/avtech-pixabay/Unsplesh/Content/content_VVWHFlZhEJc_unsplash.jpg
/photos/HIzOKqo5S_g,https://unsplash.com/photos/HIzOKqo5S_g/download?force=true,https://storage.cloud.google.com/avtech-pixabay/Unsplesh/Content/content_HIzOKqo5S_g_unsplash.jpg
/photos/wawEfYdpkag,https://unsplash.com/photos/wawEfYdpkag/download?force=true,https://storage.cloud.google.com/avtech-pixabay/Unsplesh/Content/content_wawEfYdpkag_unsplash.jpg
/photos/NKxFy1Oj8ME,https://unsplash.com/photos/NKxFy1Oj8ME/download?force=true,https://storage.cloud.google.com/avtech-pixabay/Unsplesh/Content/content_NKxFy1Oj8ME_unsplash.jpg
/photos/i1_xsS9fBRc,https://unsplash.com/photos/i1_xsS9fBRc/download?force=true,https://storage.cloud.google.com/avtech-pixabay/Unsplesh/Content/content_i1_xsS9fBRc_unsplash.jpg
/photos/0tqXe6uj3iA,https://unsplash.com/photos/0tqXe6uj3iA/download?force=true,https://storage.cloud.google.com/avtech-pixabay/Unsplesh/Content/content_0tqXe6uj3iA_unsplash.jpg
/photos/rWq8f9QHDkQ,https://unsplash.com/photos/rWq8f9QHDkQ/download?force=true,https://storage.cloud.google.com/avtech-pixabay/Unsplesh/Content/content_rWq8f9QHDkQ_unsplash.jpg
/photos/mJiO3ASPvfY,https://unsplash.com/photos/mJiO3ASPvfY/download?force=true,https://storage.cloud.google.com/avtech-pixabay/Unsplesh/Content/content_mJiO3ASPvfY_unsplash.jpg
/photos/EsWjJFJLQhA,https://unsplash.com/photos/EsWjJFJLQhA/download?force=true,https://storage.cloud.google.com/avtech-pixabay/Unsplesh/Content/content_EsWjJFJLQhA_unsplash.jpg
/photos/8R-mXppeakM,https://unsplash.com/photos/8R-mXppeakM/download?force=true,https://storage.cloud.google.com/avtech-pixabay/Unsplesh/Content/content_8R-mXppeakM_unsplash.jpg
/photos/d0aWcjDh-EQ,https://unsplash.com/photos/d0aWcjDh-EQ/download?force=true,https://storage.cloud.google.com/avtech-pixabay/Unsplesh/Content/content_d0aWcjDh-EQ_unsplash.jpg
/photos/trkfHiarh7s,https://unsplash.com/photos/trkfHiarh7s/download?force=true,https://storage.cloud.google.com/avtech-pixabay/Unsplesh/Content/content_trkfHiarh7s_unsplash.jpg
/photos/E45F1jq0O_g,https://unsplash.com/photos/E45F1jq0O_g/download?force=true,https://storage.cloud.google.com/avtech-pixabay/Unsplesh/Content/content_E45F1jq0O_g_unsplash.jpg
/photos/2YDxC3KQ_pU,https://unsplash.com/photos/2YDxC3KQ_pU/download?force=true,https://storage.cloud.google.com/avtech-pixabay/Unsplesh/Content/content_2YDxC3KQ_pU_unsplash.jpg
/photos/baAkHGbM1Eg,https://unsplash.com/photos/baAkHGbM1Eg/download?force=true,https://storage.cloud.google.com/avtech-pixabay/Unsplesh/Content/content_baAkHGbM1Eg_unsplash.jpg
/photos/EMF7uo4xBzY,https://unsplash.com/photos/EMF7uo4xBzY/download?force=true,https://storage.cloud.google.com/avtech-pixabay/Unsplesh/Content/content_EMF7uo4xBzY_unsplash.jpg
/photos/DM5iENjcd30,https://unsplash.com/photos/DM5iENjcd30/download?force=true,https://storage.cloud.google.com/avtech-pixabay/Unsplesh/Content/content_DM5iENjcd30_unsplash.jpg
/photos/tJtUvIG3vPI,https://unsplash.com/photos/tJtUvIG3vPI/download?force=true,https://storage.cloud.google.com/avtech-pixabay/Unsplesh/Content/content_tJtUvIG3vPI_unsplash.jpg
/photos/otSx2H3Dnfk,https://unsplash.com/photos/otSx2H3Dnfk/download?force=true,https://storage.cloud.google.com/avtech-pixabay/Unsplesh/Content/content_otSx2H3Dnfk_unsplash.jpg
/photos/KavnuX6Pr9g,https://unsplash.com/photos/KavnuX6Pr9g/download?force=true,https://storage.cloud.google.com/avtech-pixabay/Unsplesh/Content/content_KavnuX6Pr9g_unsplash.jpg
/photos/EbxOjnH5wro,https://unsplash.com/photos/EbxOjnH5wro/download?force=true,https://storage.cloud.google.com/avtech-pixabay/Unsplesh/Content/content_EbxOjnH5wro_unsplash.jpg
/photos/S6XUgeCOosQ,https://unsplash.com/photos/S6XUgeCOosQ/download?force=true,https://storage.cloud.google.com/avtech-pixabay/Unsplesh/Content/content_S6XUgeCOosQ_unsplash.jpg
/photos/5HQGCF5leI0,https://unsplash.com/photos/5HQGCF5leI0/download?force=true,https://storage.cloud.google.com/avtech-pixabay/Unsplesh/Content/content_5HQGCF5leI0_unsplash.jpg
/photos/nt-GJifg3jA,https://unsplash.com/photos/nt-GJifg3jA/download?force=true,https://storage.cloud.google.com/avtech-pixabay/Unsplesh/Content/content_nt-GJifg3jA_unsplash.jpg
/photos/YontpP5LKaA,https://unsplash.com/photos/YontpP5LKaA/download?force=true,https://storage.cloud.google.com/avtech-pixabay/Unsplesh/Content/content_YontpP5LKaA_unsplash.jpg
/photos/OiGdgborHac,https://unsplash.com/photos/OiGdgborHac/download?force=true,https://storage.cloud.google.com/avtech-pixabay/Unsplesh/Content/content_OiGdgborHac_unsplash.jpg
/photos/044QmlVQnQE,https://unsplash.com/photos/044QmlVQnQE/download?force=true,https://storage.cloud.google.com/avtech-pixabay/Unsplesh/Content/content_044QmlVQnQE_unsplash.jpg
/photos/fAo2v4hu5Mk,https://unsplash.com/photos/fAo2v4hu5Mk/download?force=true,https://storage.cloud.google.com/avtech-pixabay/Unsplesh/Content/content_fAo2v4hu5Mk_unsplash.jpg
/photos/Eaz0wqnV1VQ,https://unsplash.com/photos/Eaz0wqnV1VQ/download?force=true,https://storage.cloud.google.com/avtech-pixabay/Unsplesh/Content/content_Eaz0wqnV1VQ_unsplash.jpg
/photos/Ikge1ZIk9yc,https://unsplash.com/photos/Ikge1ZIk9yc/download?force=true,https://storage.cloud.google.com/avtech-pixabay/Unsplesh/Content/content_Ikge1ZIk9yc_unsplash.jpg
/photos/xKOFnbNwUrQ,https://unsplash.com/photos/xKOFnbNwUrQ/download?force=true,https://storage.cloud.google.com/avtech-pixabay/Unsplesh/Content/content_xKOFnbNwUrQ_unsplash.jpg
