href,urls,Cloud_Url
/photos/CwTBt6jyagQ,https://unsplash.com/photos/CwTBt6jyagQ/download?force=true,https://storage.cloud.google.com/avtech-pixabay/Unsplesh/Relaxed/Relaxed_CwTBt6jyagQ_unsplash.jpg
/photos/GfS3DvKyL7Y,https://unsplash.com/photos/GfS3DvKyL7Y/download?force=true,https://storage.cloud.google.com/avtech-pixabay/Unsplesh/Relaxed/Relaxed_GfS3DvKyL7Y_unsplash.jpg
/photos/8NXmaXg5xL0,https://unsplash.com/photos/8NXmaXg5xL0/download?force=true,https://storage.cloud.google.com/avtech-pixabay/Unsplesh/Relaxed/Relaxed_8NXmaXg5xL0_unsplash.jpg
/photos/zzUYVxcK1p8,https://unsplash.com/photos/zzUYVxcK1p8/download?force=true,https://storage.cloud.google.com/avtech-pixabay/Unsplesh/Relaxed/Relaxed_zzUYVxcK1p8_unsplash.jpg
/photos/a5EbQpl-IHw,https://unsplash.com/photos/a5EbQpl-IHw/download?force=true,https://storage.cloud.google.com/avtech-pixabay/Unsplesh/Relaxed/Relaxed_a5EbQpl-IHw_unsplash.jpg
/photos/UqyHjOgYxYY,https://unsplash.com/photos/UqyHjOgYxYY/download?force=true,https://storage.cloud.google.com/avtech-pixabay/Unsplesh/Relaxed/Relaxed_UqyHjOgYxYY_unsplash.jpg
/photos/c9I-U1mPDyA,https://unsplash.com/photos/c9I-U1mPDyA/download?force=true,https://storage.cloud.google.com/avtech-pixabay/Unsplesh/Relaxed/Relaxed_c9I-U1mPDyA_unsplash.jpg
/photos/eA2t5EvcxU4,https://unsplash.com/photos/eA2t5EvcxU4/download?force=true,https://storage.cloud.google.com/avtech-pixabay/Unsplesh/Relaxed/Relaxed_eA2t5EvcxU4_unsplash.jpg
/photos/p-v1DBkTrgo,https://unsplash.com/photos/p-v1DBkTrgo/download?force=true,https://storage.cloud.google.com/avtech-pixabay/Unsplesh/Relaxed/Relaxed_p-v1DBkTrgo_unsplash.jpg
/photos/hyfRxVq9OUk,https://unsplash.com/photos/hyfRxVq9OUk/download?force=true,https://storage.cloud.google.com/avtech-pixabay/Unsplesh/Relaxed/Relaxed_hyfRxVq9OUk_unsplash.jpg
/photos/rLF1KtRjg7Y,https://unsplash.com/photos/rLF1KtRjg7Y/download?force=true,https://storage.cloud.google.com/avtech-pixabay/Unsplesh/Relaxed/Relaxed_rLF1KtRjg7Y_unsplash.jpg
/photos/Tk2uTulVh38,https://unsplash.com/photos/Tk2uTulVh38/download?force=true,https://storage.cloud.google.com/avtech-pixabay/Unsplesh/Relaxed/Relaxed_Tk2uTulVh38_unsplash.jpg
/photos/lYHp4RcJNcY,https://unsplash.com/photos/lYHp4RcJNcY/download?force=true,https://storage.cloud.google.com/avtech-pixabay/Unsplesh/Relaxed/Relaxed_lYHp4RcJNcY_unsplash.jpg
/photos/gdAuwo-qj5k,https://unsplash.com/photos/gdAuwo-qj5k/download?force=true,https://storage.cloud.google.com/avtech-pixabay/Unsplesh/Relaxed/Relaxed_gdAuwo-qj5k_unsplash.jpg
/photos/2pUP1Ts1bmo,https://unsplash.com/photos/2pUP1Ts1bmo/download?force=true,https://storage.cloud.google.com/avtech-pixabay/Unsplesh/Relaxed/Relaxed_2pUP1Ts1bmo_unsplash.jpg
/photos/niH7Z81S44g,https://unsplash.com/photos/niH7Z81S44g/download?force=true,https://storage.cloud.google.com/avtech-pixabay/Unsplesh/Relaxed/Relaxed_niH7Z81S44g_unsplash.jpg
/photos/hRdVSYpffas,https://unsplash.com/photos/hRdVSYpffas/download?force=true,https://storage.cloud.google.com/avtech-pixabay/Unsplesh/Relaxed/Relaxed_hRdVSYpffas_unsplash.jpg
/photos/OTxhq6wSZWI,https://unsplash.com/photos/OTxhq6wSZWI/download?force=true,https://storage.cloud.google.com/avtech-pixabay/Unsplesh/Relaxed/Relaxed_OTxhq6wSZWI_unsplash.jpg
/photos/vIO2TA-Ri2w,https://unsplash.com/photos/vIO2TA-Ri2w/download?force=true,https://storage.cloud.google.com/avtech-pixabay/Unsplesh/Relaxed/Relaxed_vIO2TA-Ri2w_unsplash.jpg
/photos/V58katgrQPY,https://unsplash.com/photos/V58katgrQPY/download?force=true,https://storage.cloud.google.com/avtech-pixabay/Unsplesh/Relaxed/Relaxed_V58katgrQPY_unsplash.jpg
/photos/f_0nTK31xjs,https://unsplash.com/photos/f_0nTK31xjs/download?force=true,https://storage.cloud.google.com/avtech-pixabay/Unsplesh/Relaxed/Relaxed_f_0nTK31xjs_unsplash.jpg
/photos/_6HzPU9Hyfg,https://unsplash.com/photos/_6HzPU9Hyfg/download?force=true,https://storage.cloud.google.com/avtech-pixabay/Unsplesh/Relaxed/Relaxed__6HzPU9Hyfg_unsplash.jpg
/photos/iX7WedkjpUY,https://unsplash.com/photos/iX7WedkjpUY/download?force=true,https://storage.cloud.google.com/avtech-pixabay/Unsplesh/Relaxed/Relaxed_iX7WedkjpUY_unsplash.jpg
/photos/r2nJPbEYuSQ,https://unsplash.com/photos/r2nJPbEYuSQ/download?force=true,https://storage.cloud.google.com/avtech-pixabay/Unsplesh/Relaxed/Relaxed_r2nJPbEYuSQ_unsplash.jpg
/photos/IGOBsR93I7Y,https://unsplash.com/photos/IGOBsR93I7Y/download?force=true,https://storage.cloud.google.com/avtech-pixabay/Unsplesh/Relaxed/Relaxed_IGOBsR93I7Y_unsplash.jpg
/photos/m89exyKEEjM,https://unsplash.com/photos/m89exyKEEjM/download?force=true,https://storage.cloud.google.com/avtech-pixabay/Unsplesh/Relaxed/Relaxed_m89exyKEEjM_unsplash.jpg
/photos/BTfDOQLPHlc,https://unsplash.com/photos/BTfDOQLPHlc/download?force=true,https://storage.cloud.google.com/avtech-pixabay/Unsplesh/Relaxed/Relaxed_BTfDOQLPHlc_unsplash.jpg
/photos/eOe81Ux2DUw,https://unsplash.com/photos/eOe81Ux2DUw/download?force=true,https://storage.cloud.google.com/avtech-pixabay/Unsplesh/Relaxed/Relaxed_eOe81Ux2DUw_unsplash.jpg
/photos/ESirz97E-lQ,https://unsplash.com/photos/ESirz97E-lQ/download?force=true,https://storage.cloud.google.com/avtech-pixabay/Unsplesh/Relaxed/Relaxed_ESirz97E-lQ_unsplash.jpg
/photos/aqWz4Tq5dRw,https://unsplash.com/photos/aqWz4Tq5dRw/download?force=true,https://storage.cloud.google.com/avtech-pixabay/Unsplesh/Relaxed/Relaxed_aqWz4Tq5dRw_unsplash.jpg
/photos/irkpRNESeCg,https://unsplash.com/photos/irkpRNESeCg/download?force=true,https://storage.cloud.google.com/avtech-pixabay/Unsplesh/Relaxed/Relaxed_irkpRNESeCg_unsplash.jpg
/photos/oASMLPk4cgU,https://unsplash.com/photos/oASMLPk4cgU/download?force=true,https://storage.cloud.google.com/avtech-pixabay/Unsplesh/Relaxed/Relaxed_oASMLPk4cgU_unsplash.jpg
/photos/FvmTw5wUkFs,https://unsplash.com/photos/FvmTw5wUkFs/download?force=true,https://storage.cloud.google.com/avtech-pixabay/Unsplesh/Relaxed/Relaxed_FvmTw5wUkFs_unsplash.jpg
/photos/Wd1B2pFBves,https://unsplash.com/photos/Wd1B2pFBves/download?force=true,https://storage.cloud.google.com/avtech-pixabay/Unsplesh/Relaxed/Relaxed_Wd1B2pFBves_unsplash.jpg
/photos/UPsklEDsZs0,https://unsplash.com/photos/UPsklEDsZs0/download?force=true,https://storage.cloud.google.com/avtech-pixabay/Unsplesh/Relaxed/Relaxed_UPsklEDsZs0_unsplash.jpg
/photos/kMqKHaNN4jg,https://unsplash.com/photos/kMqKHaNN4jg/download?force=true,https://storage.cloud.google.com/avtech-pixabay/Unsplesh/Relaxed/Relaxed_kMqKHaNN4jg_unsplash.jpg
/photos/liPMbRUP70A,https://unsplash.com/photos/liPMbRUP70A/download?force=true,https://storage.cloud.google.com/avtech-pixabay/Unsplesh/Relaxed/Relaxed_liPMbRUP70A_unsplash.jpg
/photos/NkR8EhjdEHs,https://unsplash.com/photos/NkR8EhjdEHs/download?force=true,https://storage.cloud.google.com/avtech-pixabay/Unsplesh/Relaxed/Relaxed_NkR8EhjdEHs_unsplash.jpg
/photos/7CLhWMdNaIQ,https://unsplash.com/photos/7CLhWMdNaIQ/download?force=true,https://storage.cloud.google.com/avtech-pixabay/Unsplesh/Relaxed/Relaxed_7CLhWMdNaIQ_unsplash.jpg
/photos/T2MOCLxN2HU,https://unsplash.com/photos/T2MOCLxN2HU/download?force=true,https://storage.cloud.google.com/avtech-pixabay/Unsplesh/Relaxed/Relaxed_T2MOCLxN2HU_unsplash.jpg
/photos/XcW2nkj9nPg,https://unsplash.com/photos/XcW2nkj9nPg/download?force=true,https://storage.cloud.google.com/avtech-pixabay/Unsplesh/Relaxed/Relaxed_XcW2nkj9nPg_unsplash.jpg
/photos/7HDi-EkG11I,https://unsplash.com/photos/7HDi-EkG11I/download?force=true,https://storage.cloud.google.com/avtech-pixabay/Unsplesh/Relaxed/Relaxed_7HDi-EkG11I_unsplash.jpg
/photos/xMNel_otvWs,https://unsplash.com/photos/xMNel_otvWs/download?force=true,https://storage.cloud.google.com/avtech-pixabay/Unsplesh/Relaxed/Relaxed_xMNel_otvWs_unsplash.jpg
/photos/Qbi5jLMRxd0,https://unsplash.com/photos/Qbi5jLMRxd0/download?force=true,https://storage.cloud.google.com/avtech-pixabay/Unsplesh/Relaxed/Relaxed_Qbi5jLMRxd0_unsplash.jpg
/photos/OU7yRvQcryw,https://unsplash.com/photos/OU7yRvQcryw/download?force=true,https://storage.cloud.google.com/avtech-pixabay/Unsplesh/Relaxed/Relaxed_OU7yRvQcryw_unsplash.jpg
/photos/-1B_y4wGs-s,https://unsplash.com/photos/-1B_y4wGs-s/download?force=true,https://storage.cloud.google.com/avtech-pixabay/Unsplesh/Relaxed/Relaxed_-1B_y4wGs-s_unsplash.jpg
/photos/KARheprvOUc,https://unsplash.com/photos/KARheprvOUc/download?force=true,https://storage.cloud.google.com/avtech-pixabay/Unsplesh/Relaxed/Relaxed_KARheprvOUc_unsplash.jpg
/photos/iGzHMzRZjRs,https://unsplash.com/photos/iGzHMzRZjRs/download?force=true,https://storage.cloud.google.com/avtech-pixabay/Unsplesh/Relaxed/Relaxed_iGzHMzRZjRs_unsplash.jpg
/photos/ufOCH8sNLfw,https://unsplash.com/photos/ufOCH8sNLfw/download?force=true,https://storage.cloud.google.com/avtech-pixabay/Unsplesh/Relaxed/Relaxed_ufOCH8sNLfw_unsplash.jpg
/photos/L7JGC_bgWyU,https://unsplash.com/photos/L7JGC_bgWyU/download?force=true,https://storage.cloud.google.com/avtech-pixabay/Unsplesh/Relaxed/Relaxed_L7JGC_bgWyU_unsplash.jpg
/photos/xzRftSx-s88,https://unsplash.com/photos/xzRftSx-s88/download?force=true,https://storage.cloud.google.com/avtech-pixabay/Unsplesh/Relaxed/Relaxed_xzRftSx-s88_unsplash.jpg
/photos/f480QIEvwGI,https://unsplash.com/photos/f480QIEvwGI/download?force=true,https://storage.cloud.google.com/avtech-pixabay/Unsplesh/Relaxed/Relaxed_f480QIEvwGI_unsplash.jpg
/photos/xUg7UZbOrDk,https://unsplash.com/photos/xUg7UZbOrDk/download?force=true,https://storage.cloud.google.com/avtech-pixabay/Unsplesh/Relaxed/Relaxed_xUg7UZbOrDk_unsplash.jpg
/photos/uL_divT0jCQ,https://unsplash.com/photos/uL_divT0jCQ/download?force=true,https://storage.cloud.google.com/avtech-pixabay/Unsplesh/Relaxed/Relaxed_uL_divT0jCQ_unsplash.jpg
/photos/ownUS9bSRKc,https://unsplash.com/photos/ownUS9bSRKc/download?force=true,https://storage.cloud.google.com/avtech-pixabay/Unsplesh/Relaxed/Relaxed_ownUS9bSRKc_unsplash.jpg
/photos/QFnMXehDyLM,https://unsplash.com/photos/QFnMXehDyLM/download?force=true,https://storage.cloud.google.com/avtech-pixabay/Unsplesh/Relaxed/Relaxed_QFnMXehDyLM_unsplash.jpg
/photos/oGX81vyASFc,https://unsplash.com/photos/oGX81vyASFc/download?force=true,https://storage.cloud.google.com/avtech-pixabay/Unsplesh/Relaxed/Relaxed_oGX81vyASFc_unsplash.jpg
/photos/HNiwactabJA,https://unsplash.com/photos/HNiwactabJA/download?force=true,https://storage.cloud.google.com/avtech-pixabay/Unsplesh/Relaxed/Relaxed_HNiwactabJA_unsplash.jpg
/photos/LwXGMKHKX08,https://unsplash.com/photos/LwXGMKHKX08/download?force=true,https://storage.cloud.google.com/avtech-pixabay/Unsplesh/Relaxed/Relaxed_LwXGMKHKX08_unsplash.jpg
/photos/L13s5oXTCFs,https://unsplash.com/photos/L13s5oXTCFs/download?force=true,https://storage.cloud.google.com/avtech-pixabay/Unsplesh/Relaxed/Relaxed_L13s5oXTCFs_unsplash.jpg
/photos/_NgbLECQ6O8,https://unsplash.com/photos/_NgbLECQ6O8/download?force=true,https://storage.cloud.google.com/avtech-pixabay/Unsplesh/Relaxed/Relaxed__NgbLECQ6O8_unsplash.jpg
/photos/apKTtGj-6bM,https://unsplash.com/photos/apKTtGj-6bM/download?force=true,https://storage.cloud.google.com/avtech-pixabay/Unsplesh/Relaxed/Relaxed_apKTtGj-6bM_unsplash.jpg
/photos/pKIlcnFYhRg,https://unsplash.com/photos/pKIlcnFYhRg/download?force=true,https://storage.cloud.google.com/avtech-pixabay/Unsplesh/Relaxed/Relaxed_pKIlcnFYhRg_unsplash.jpg
/photos/Au0_g3WiPW8,https://unsplash.com/photos/Au0_g3WiPW8/download?force=true,https://storage.cloud.google.com/avtech-pixabay/Unsplesh/Relaxed/Relaxed_Au0_g3WiPW8_unsplash.jpg
/photos/GxlU-B1fSeM,https://unsplash.com/photos/GxlU-B1fSeM/download?force=true,https://storage.cloud.google.com/avtech-pixabay/Unsplesh/Relaxed/Relaxed_GxlU-B1fSeM_unsplash.jpg
/photos/TG1cM0nDUq0,https://unsplash.com/photos/TG1cM0nDUq0/download?force=true,https://storage.cloud.google.com/avtech-pixabay/Unsplesh/Relaxed/Relaxed_TG1cM0nDUq0_unsplash.jpg
/photos/pUvMN3j2kGc,https://unsplash.com/photos/pUvMN3j2kGc/download?force=true,https://storage.cloud.google.com/avtech-pixabay/Unsplesh/Relaxed/Relaxed_pUvMN3j2kGc_unsplash.jpg
/photos/0bvFdV4KDnA,https://unsplash.com/photos/0bvFdV4KDnA/download?force=true,https://storage.cloud.google.com/avtech-pixabay/Unsplesh/Relaxed/Relaxed_0bvFdV4KDnA_unsplash.jpg
/photos/uxS_NMMQ3Qo,https://unsplash.com/photos/uxS_NMMQ3Qo/download?force=true,https://storage.cloud.google.com/avtech-pixabay/Unsplesh/Relaxed/Relaxed_uxS_NMMQ3Qo_unsplash.jpg
/photos/EHPq7LxwFog,https://unsplash.com/photos/EHPq7LxwFog/download?force=true,https://storage.cloud.google.com/avtech-pixabay/Unsplesh/Relaxed/Relaxed_EHPq7LxwFog_unsplash.jpg
/photos/x2qSNIEZuEE,https://unsplash.com/photos/x2qSNIEZuEE/download?force=true,https://storage.cloud.google.com/avtech-pixabay/Unsplesh/Relaxed/Relaxed_x2qSNIEZuEE_unsplash.jpg
/photos/d5ud04fTJCk,https://unsplash.com/photos/d5ud04fTJCk/download?force=true,https://storage.cloud.google.com/avtech-pixabay/Unsplesh/Relaxed/Relaxed_d5ud04fTJCk_unsplash.jpg
/photos/CTukx4jfWac,https://unsplash.com/photos/CTukx4jfWac/download?force=true,https://storage.cloud.google.com/avtech-pixabay/Unsplesh/Relaxed/Relaxed_CTukx4jfWac_unsplash.jpg
/photos/iFoMOlkWucI,https://unsplash.com/photos/iFoMOlkWucI/download?force=true,https://storage.cloud.google.com/avtech-pixabay/Unsplesh/Relaxed/Relaxed_iFoMOlkWucI_unsplash.jpg
/photos/HyvTWN-jfpk,https://unsplash.com/photos/HyvTWN-jfpk/download?force=true,https://storage.cloud.google.com/avtech-pixabay/Unsplesh/Relaxed/Relaxed_HyvTWN-jfpk_unsplash.jpg
/photos/xpYdswZuanE,https://unsplash.com/photos/xpYdswZuanE/download?force=true,https://storage.cloud.google.com/avtech-pixabay/Unsplesh/Relaxed/Relaxed_xpYdswZuanE_unsplash.jpg
/photos/uNhK_-3r8t8,https://unsplash.com/photos/uNhK_-3r8t8/download?force=true,https://storage.cloud.google.com/avtech-pixabay/Unsplesh/Relaxed/Relaxed_uNhK_-3r8t8_unsplash.jpg
/photos/oj0BCwVAusM,https://unsplash.com/photos/oj0BCwVAusM/download?force=true,https://storage.cloud.google.com/avtech-pixabay/Unsplesh/Relaxed/Relaxed_oj0BCwVAusM_unsplash.jpg
/photos/k_slztHaXlo,https://unsplash.com/photos/k_slztHaXlo/download?force=true,https://storage.cloud.google.com/avtech-pixabay/Unsplesh/Relaxed/Relaxed_k_slztHaXlo_unsplash.jpg
/photos/HZ9tXhjb0yc,https://unsplash.com/photos/HZ9tXhjb0yc/download?force=true,https://storage.cloud.google.com/avtech-pixabay/Unsplesh/Relaxed/Relaxed_HZ9tXhjb0yc_unsplash.jpg
/photos/fLqGExi69VE,https://unsplash.com/photos/fLqGExi69VE/download?force=true,https://storage.cloud.google.com/avtech-pixabay/Unsplesh/Relaxed/Relaxed_fLqGExi69VE_unsplash.jpg
/photos/XyKX2wJ1jkI,https://unsplash.com/photos/XyKX2wJ1jkI/download?force=true,https://storage.cloud.google.com/avtech-pixabay/Unsplesh/Relaxed/Relaxed_XyKX2wJ1jkI_unsplash.jpg
/photos/HsR2ipKU3BQ,https://unsplash.com/photos/HsR2ipKU3BQ/download?force=true,https://storage.cloud.google.com/avtech-pixabay/Unsplesh/Relaxed/Relaxed_HsR2ipKU3BQ_unsplash.jpg
/photos/NgqUHmqzrJs,https://unsplash.com/photos/NgqUHmqzrJs/download?force=true,https://storage.cloud.google.com/avtech-pixabay/Unsplesh/Relaxed/Relaxed_NgqUHmqzrJs_unsplash.jpg
/photos/BrUcWkazo10,https://unsplash.com/photos/BrUcWkazo10/download?force=true,https://storage.cloud.google.com/avtech-pixabay/Unsplesh/Relaxed/Relaxed_BrUcWkazo10_unsplash.jpg
/photos/KDN4sfEdoD8,https://unsplash.com/photos/KDN4sfEdoD8/download?force=true,https://storage.cloud.google.com/avtech-pixabay/Unsplesh/Relaxed/Relaxed_KDN4sfEdoD8_unsplash.jpg
/photos/sA4Mc4cpz40,https://unsplash.com/photos/sA4Mc4cpz40/download?force=true,https://storage.cloud.google.com/avtech-pixabay/Unsplesh/Relaxed/Relaxed_sA4Mc4cpz40_unsplash.jpg
/photos/NSGlHBAB5mY,https://unsplash.com/photos/NSGlHBAB5mY/download?force=true,https://storage.cloud.google.com/avtech-pixabay/Unsplesh/Relaxed/Relaxed_NSGlHBAB5mY_unsplash.jpg
/photos/GIAVWYTLg4k,https://unsplash.com/photos/GIAVWYTLg4k/download?force=true,https://storage.cloud.google.com/avtech-pixabay/Unsplesh/Relaxed/Relaxed_GIAVWYTLg4k_unsplash.jpg
/photos/24VL7Re0wjk,https://unsplash.com/photos/24VL7Re0wjk/download?force=true,https://storage.cloud.google.com/avtech-pixabay/Unsplesh/Relaxed/Relaxed_24VL7Re0wjk_unsplash.jpg
/photos/en3EUbWKiNU,https://unsplash.com/photos/en3EUbWKiNU/download?force=true,https://storage.cloud.google.com/avtech-pixabay/Unsplesh/Relaxed/Relaxed_en3EUbWKiNU_unsplash.jpg
/photos/c5okldhIlQU,https://unsplash.com/photos/c5okldhIlQU/download?force=true,https://storage.cloud.google.com/avtech-pixabay/Unsplesh/Relaxed/Relaxed_c5okldhIlQU_unsplash.jpg
/photos/YDT7pfys_78,https://unsplash.com/photos/YDT7pfys_78/download?force=true,https://storage.cloud.google.com/avtech-pixabay/Unsplesh/Relaxed/Relaxed_YDT7pfys_78_unsplash.jpg
/photos/XpiPvnx0H5M,https://unsplash.com/photos/XpiPvnx0H5M/download?force=true,https://storage.cloud.google.com/avtech-pixabay/Unsplesh/Relaxed/Relaxed_XpiPvnx0H5M_unsplash.jpg
/photos/PuZH_OmDecM,https://unsplash.com/photos/PuZH_OmDecM/download?force=true,https://storage.cloud.google.com/avtech-pixabay/Unsplesh/Relaxed/Relaxed_PuZH_OmDecM_unsplash.jpg
/photos/gPSMh7gmhAU,https://unsplash.com/photos/gPSMh7gmhAU/download?force=true,https://storage.cloud.google.com/avtech-pixabay/Unsplesh/Relaxed/Relaxed_gPSMh7gmhAU_unsplash.jpg
/photos/YCTUXuXsSu8,https://unsplash.com/photos/YCTUXuXsSu8/download?force=true,https://storage.cloud.google.com/avtech-pixabay/Unsplesh/Relaxed/Relaxed_YCTUXuXsSu8_unsplash.jpg
/photos/BCYijhtLWSs,https://unsplash.com/photos/BCYijhtLWSs/download?force=true,https://storage.cloud.google.com/avtech-pixabay/Unsplesh/Relaxed/Relaxed_BCYijhtLWSs_unsplash.jpg
/photos/mlZEcy3Veu8,https://unsplash.com/photos/mlZEcy3Veu8/download?force=true,https://storage.cloud.google.com/avtech-pixabay/Unsplesh/Relaxed/Relaxed_mlZEcy3Veu8_unsplash.jpg
/photos/uf7EeXytm5U,https://unsplash.com/photos/uf7EeXytm5U/download?force=true,https://storage.cloud.google.com/avtech-pixabay/Unsplesh/Relaxed/Relaxed_uf7EeXytm5U_unsplash.jpg
/photos/PsCHz-sckCE,https://unsplash.com/photos/PsCHz-sckCE/download?force=true,https://storage.cloud.google.com/avtech-pixabay/Unsplesh/Relaxed/Relaxed_PsCHz-sckCE_unsplash.jpg
/photos/1FvO3W9QH2o,https://unsplash.com/photos/1FvO3W9QH2o/download?force=true,https://storage.cloud.google.com/avtech-pixabay/Unsplesh/Relaxed/Relaxed_1FvO3W9QH2o_unsplash.jpg
/photos/2BYMEbP9vYM,https://unsplash.com/photos/2BYMEbP9vYM/download?force=true,https://storage.cloud.google.com/avtech-pixabay/Unsplesh/Relaxed/Relaxed_2BYMEbP9vYM_unsplash.jpg
/photos/KdJebPfN0Zg,https://unsplash.com/photos/KdJebPfN0Zg/download?force=true,https://storage.cloud.google.com/avtech-pixabay/Unsplesh/Relaxed/Relaxed_KdJebPfN0Zg_unsplash.jpg
/photos/dPbcHivgbGI,https://unsplash.com/photos/dPbcHivgbGI/download?force=true,https://storage.cloud.google.com/avtech-pixabay/Unsplesh/Relaxed/Relaxed_dPbcHivgbGI_unsplash.jpg
/photos/EaJH5sFXeyk,https://unsplash.com/photos/EaJH5sFXeyk/download?force=true,https://storage.cloud.google.com/avtech-pixabay/Unsplesh/Relaxed/Relaxed_EaJH5sFXeyk_unsplash.jpg
/photos/MJN82hKaRb0,https://unsplash.com/photos/MJN82hKaRb0/download?force=true,https://storage.cloud.google.com/avtech-pixabay/Unsplesh/Relaxed/Relaxed_MJN82hKaRb0_unsplash.jpg
/photos/1_r5sBEXHsg,https://unsplash.com/photos/1_r5sBEXHsg/download?force=true,https://storage.cloud.google.com/avtech-pixabay/Unsplesh/Relaxed/Relaxed_1_r5sBEXHsg_unsplash.jpg
/photos/6NLRXP5W4pU,https://unsplash.com/photos/6NLRXP5W4pU/download?force=true,https://storage.cloud.google.com/avtech-pixabay/Unsplesh/Relaxed/Relaxed_6NLRXP5W4pU_unsplash.jpg
/photos/wly69iZ0Fao,https://unsplash.com/photos/wly69iZ0Fao/download?force=true,https://storage.cloud.google.com/avtech-pixabay/Unsplesh/Relaxed/Relaxed_wly69iZ0Fao_unsplash.jpg
/photos/JOhjfzjeJLw,https://unsplash.com/photos/JOhjfzjeJLw/download?force=true,https://storage.cloud.google.com/avtech-pixabay/Unsplesh/Relaxed/Relaxed_JOhjfzjeJLw_unsplash.jpg
/photos/9WACRxkD9iE,https://unsplash.com/photos/9WACRxkD9iE/download?force=true,https://storage.cloud.google.com/avtech-pixabay/Unsplesh/Relaxed/Relaxed_9WACRxkD9iE_unsplash.jpg
/photos/Siuwr3uCir0,https://unsplash.com/photos/Siuwr3uCir0/download?force=true,https://storage.cloud.google.com/avtech-pixabay/Unsplesh/Relaxed/Relaxed_Siuwr3uCir0_unsplash.jpg
/photos/5eK2c9ygcl4,https://unsplash.com/photos/5eK2c9ygcl4/download?force=true,https://storage.cloud.google.com/avtech-pixabay/Unsplesh/Relaxed/Relaxed_5eK2c9ygcl4_unsplash.jpg
/photos/JdJrqv7BzhM,https://unsplash.com/photos/JdJrqv7BzhM/download?force=true,https://storage.cloud.google.com/avtech-pixabay/Unsplesh/Relaxed/Relaxed_JdJrqv7BzhM_unsplash.jpg
/photos/sR3On8jLrdw,https://unsplash.com/photos/sR3On8jLrdw/download?force=true,https://storage.cloud.google.com/avtech-pixabay/Unsplesh/Relaxed/Relaxed_sR3On8jLrdw_unsplash.jpg
/photos/4BJmB6jQ5X4,https://unsplash.com/photos/4BJmB6jQ5X4/download?force=true,https://storage.cloud.google.com/avtech-pixabay/Unsplesh/Relaxed/Relaxed_4BJmB6jQ5X4_unsplash.jpg
/photos/hdgIpF0wCos,https://unsplash.com/photos/hdgIpF0wCos/download?force=true,https://storage.cloud.google.com/avtech-pixabay/Unsplesh/Relaxed/Relaxed_hdgIpF0wCos_unsplash.jpg
/photos/Y12wOD6bX0I,https://unsplash.com/photos/Y12wOD6bX0I/download?force=true,https://storage.cloud.google.com/avtech-pixabay/Unsplesh/Relaxed/Relaxed_Y12wOD6bX0I_unsplash.jpg
/photos/OSg2pXbbxGY,https://unsplash.com/photos/OSg2pXbbxGY/download?force=true,https://storage.cloud.google.com/avtech-pixabay/Unsplesh/Relaxed/Relaxed_OSg2pXbbxGY_unsplash.jpg
/photos/cfNJM8RCgng,https://unsplash.com/photos/cfNJM8RCgng/download?force=true,https://storage.cloud.google.com/avtech-pixabay/Unsplesh/Relaxed/Relaxed_cfNJM8RCgng_unsplash.jpg
/photos/6fpbiUMJUTs,https://unsplash.com/photos/6fpbiUMJUTs/download?force=true,https://storage.cloud.google.com/avtech-pixabay/Unsplesh/Relaxed/Relaxed_6fpbiUMJUTs_unsplash.jpg
/photos/Dc1OJm75MUI,https://unsplash.com/photos/Dc1OJm75MUI/download?force=true,https://storage.cloud.google.com/avtech-pixabay/Unsplesh/Relaxed/Relaxed_Dc1OJm75MUI_unsplash.jpg
/photos/SxgLyOwF6i0,https://unsplash.com/photos/SxgLyOwF6i0/download?force=true,https://storage.cloud.google.com/avtech-pixabay/Unsplesh/Relaxed/Relaxed_SxgLyOwF6i0_unsplash.jpg
/photos/dqlL-ZMjedo,https://unsplash.com/photos/dqlL-ZMjedo/download?force=true,https://storage.cloud.google.com/avtech-pixabay/Unsplesh/Relaxed/Relaxed_dqlL-ZMjedo_unsplash.jpg
/photos/EFU8M2Vl-7Y,https://unsplash.com/photos/EFU8M2Vl-7Y/download?force=true,https://storage.cloud.google.com/avtech-pixabay/Unsplesh/Relaxed/Relaxed_EFU8M2Vl-7Y_unsplash.jpg
/photos/uNppKIVSHm8,https://unsplash.com/photos/uNppKIVSHm8/download?force=true,https://storage.cloud.google.com/avtech-pixabay/Unsplesh/Relaxed/Relaxed_uNppKIVSHm8_unsplash.jpg
/photos/-5R5-FJqX7s,https://unsplash.com/photos/-5R5-FJqX7s/download?force=true,https://storage.cloud.google.com/avtech-pixabay/Unsplesh/Relaxed/Relaxed_-5R5-FJqX7s_unsplash.jpg
/photos/bO_dICSqaIg,https://unsplash.com/photos/bO_dICSqaIg/download?force=true,https://storage.cloud.google.com/avtech-pixabay/Unsplesh/Relaxed/Relaxed_bO_dICSqaIg_unsplash.jpg
/photos/sP49oretadw,https://unsplash.com/photos/sP49oretadw/download?force=true,https://storage.cloud.google.com/avtech-pixabay/Unsplesh/Relaxed/Relaxed_sP49oretadw_unsplash.jpg
/photos/BNYapxUu6YU,https://unsplash.com/photos/BNYapxUu6YU/download?force=true,https://storage.cloud.google.com/avtech-pixabay/Unsplesh/Relaxed/Relaxed_BNYapxUu6YU_unsplash.jpg
/photos/npTG_tDxQ18,https://unsplash.com/photos/npTG_tDxQ18/download?force=true,https://storage.cloud.google.com/avtech-pixabay/Unsplesh/Relaxed/Relaxed_npTG_tDxQ18_unsplash.jpg
/photos/PPA6wsuedeM,https://unsplash.com/photos/PPA6wsuedeM/download?force=true,https://storage.cloud.google.com/avtech-pixabay/Unsplesh/Relaxed/Relaxed_PPA6wsuedeM_unsplash.jpg
/photos/c5jXEqjbZU4,https://unsplash.com/photos/c5jXEqjbZU4/download?force=true,https://storage.cloud.google.com/avtech-pixabay/Unsplesh/Relaxed/Relaxed_c5jXEqjbZU4_unsplash.jpg
/photos/NRTbEejlCrg,https://unsplash.com/photos/NRTbEejlCrg/download?force=true,https://storage.cloud.google.com/avtech-pixabay/Unsplesh/Relaxed/Relaxed_NRTbEejlCrg_unsplash.jpg
/photos/OFTSDQDwsio,https://unsplash.com/photos/OFTSDQDwsio/download?force=true,https://storage.cloud.google.com/avtech-pixabay/Unsplesh/Relaxed/Relaxed_OFTSDQDwsio_unsplash.jpg
/photos/2gllPE42ouU,https://unsplash.com/photos/2gllPE42ouU/download?force=true,https://storage.cloud.google.com/avtech-pixabay/Unsplesh/Relaxed/Relaxed_2gllPE42ouU_unsplash.jpg
/photos/gPnovpRp0S8,https://unsplash.com/photos/gPnovpRp0S8/download?force=true,https://storage.cloud.google.com/avtech-pixabay/Unsplesh/Relaxed/Relaxed_gPnovpRp0S8_unsplash.jpg
/photos/TzCGExwks7o,https://unsplash.com/photos/TzCGExwks7o/download?force=true,https://storage.cloud.google.com/avtech-pixabay/Unsplesh/Relaxed/Relaxed_TzCGExwks7o_unsplash.jpg
/photos/ruuAgvIk5_o,https://unsplash.com/photos/ruuAgvIk5_o/download?force=true,https://storage.cloud.google.com/avtech-pixabay/Unsplesh/Relaxed/Relaxed_ruuAgvIk5_o_unsplash.jpg
/photos/jKnD9Z84O0M,https://unsplash.com/photos/jKnD9Z84O0M/download?force=true,https://storage.cloud.google.com/avtech-pixabay/Unsplesh/Relaxed/Relaxed_jKnD9Z84O0M_unsplash.jpg
/photos/cDQQl8VRGSs,https://unsplash.com/photos/cDQQl8VRGSs/download?force=true,https://storage.cloud.google.com/avtech-pixabay/Unsplesh/Relaxed/Relaxed_cDQQl8VRGSs_unsplash.jpg
/photos/LIk0mx-fSiM,https://unsplash.com/photos/LIk0mx-fSiM/download?force=true,https://storage.cloud.google.com/avtech-pixabay/Unsplesh/Relaxed/Relaxed_LIk0mx-fSiM_unsplash.jpg
/photos/g_u4vAmtdz4,https://unsplash.com/photos/g_u4vAmtdz4/download?force=true,https://storage.cloud.google.com/avtech-pixabay/Unsplesh/Relaxed/Relaxed_g_u4vAmtdz4_unsplash.jpg
/photos/X5pWCHBaMms,https://unsplash.com/photos/X5pWCHBaMms/download?force=true,https://storage.cloud.google.com/avtech-pixabay/Unsplesh/Relaxed/Relaxed_X5pWCHBaMms_unsplash.jpg
/photos/ZGkrF3rSSx4,https://unsplash.com/photos/ZGkrF3rSSx4/download?force=true,https://storage.cloud.google.com/avtech-pixabay/Unsplesh/Relaxed/Relaxed_ZGkrF3rSSx4_unsplash.jpg
/photos/edB6BlQrMik,https://unsplash.com/photos/edB6BlQrMik/download?force=true,https://storage.cloud.google.com/avtech-pixabay/Unsplesh/Relaxed/Relaxed_edB6BlQrMik_unsplash.jpg
/photos/b2qszO9C7sw,https://unsplash.com/photos/b2qszO9C7sw/download?force=true,https://storage.cloud.google.com/avtech-pixabay/Unsplesh/Relaxed/Relaxed_b2qszO9C7sw_unsplash.jpg
/photos/fk3XUcfTAvk,https://unsplash.com/photos/fk3XUcfTAvk/download?force=true,https://storage.cloud.google.com/avtech-pixabay/Unsplesh/Relaxed/Relaxed_fk3XUcfTAvk_unsplash.jpg
/photos/FBWI0mRlqQU,https://unsplash.com/photos/FBWI0mRlqQU/download?force=true,https://storage.cloud.google.com/avtech-pixabay/Unsplesh/Relaxed/Relaxed_FBWI0mRlqQU_unsplash.jpg
/photos/a4V-XXKWlYM,https://unsplash.com/photos/a4V-XXKWlYM/download?force=true,https://storage.cloud.google.com/avtech-pixabay/Unsplesh/Relaxed/Relaxed_a4V-XXKWlYM_unsplash.jpg
/photos/ie8WW5KUx3o,https://unsplash.com/photos/ie8WW5KUx3o/download?force=true,https://storage.cloud.google.com/avtech-pixabay/Unsplesh/Relaxed/Relaxed_ie8WW5KUx3o_unsplash.jpg
/photos/BO-E70Ug2G8,https://unsplash.com/photos/BO-E70Ug2G8/download?force=true,https://storage.cloud.google.com/avtech-pixabay/Unsplesh/Relaxed/Relaxed_BO-E70Ug2G8_unsplash.jpg
/photos/uftqFbfWGFY,https://unsplash.com/photos/uftqFbfWGFY/download?force=true,https://storage.cloud.google.com/avtech-pixabay/Unsplesh/Relaxed/Relaxed_uftqFbfWGFY_unsplash.jpg
/photos/Zctb_j4dsUA,https://unsplash.com/photos/Zctb_j4dsUA/download?force=true,https://storage.cloud.google.com/avtech-pixabay/Unsplesh/Relaxed/Relaxed_Zctb_j4dsUA_unsplash.jpg
/photos/Jfa3jciCvQA,https://unsplash.com/photos/Jfa3jciCvQA/download?force=true,https://storage.cloud.google.com/avtech-pixabay/Unsplesh/Relaxed/Relaxed_Jfa3jciCvQA_unsplash.jpg
/photos/8w7b4SdhOgw,https://unsplash.com/photos/8w7b4SdhOgw/download?force=true,https://storage.cloud.google.com/avtech-pixabay/Unsplesh/Relaxed/Relaxed_8w7b4SdhOgw_unsplash.jpg
/photos/sbjVthVW2X8,https://unsplash.com/photos/sbjVthVW2X8/download?force=true,https://storage.cloud.google.com/avtech-pixabay/Unsplesh/Relaxed/Relaxed_sbjVthVW2X8_unsplash.jpg
/photos/4gcqRf3-f2I,https://unsplash.com/photos/4gcqRf3-f2I/download?force=true,https://storage.cloud.google.com/avtech-pixabay/Unsplesh/Relaxed/Relaxed_4gcqRf3-f2I_unsplash.jpg
/photos/yw1y-alKGrg,https://unsplash.com/photos/yw1y-alKGrg/download?force=true,https://storage.cloud.google.com/avtech-pixabay/Unsplesh/Relaxed/Relaxed_yw1y-alKGrg_unsplash.jpg
/photos/IcAtXrAZx8E,https://unsplash.com/photos/IcAtXrAZx8E/download?force=true,https://storage.cloud.google.com/avtech-pixabay/Unsplesh/Relaxed/Relaxed_IcAtXrAZx8E_unsplash.jpg
/photos/b3eaH1hguOA,https://unsplash.com/photos/b3eaH1hguOA/download?force=true,https://storage.cloud.google.com/avtech-pixabay/Unsplesh/Relaxed/Relaxed_b3eaH1hguOA_unsplash.jpg
/photos/r38u2Uq1AXk,https://unsplash.com/photos/r38u2Uq1AXk/download?force=true,https://storage.cloud.google.com/avtech-pixabay/Unsplesh/Relaxed/Relaxed_r38u2Uq1AXk_unsplash.jpg
/photos/EkxO-SFU9kc,https://unsplash.com/photos/EkxO-SFU9kc/download?force=true,https://storage.cloud.google.com/avtech-pixabay/Unsplesh/Relaxed/Relaxed_EkxO-SFU9kc_unsplash.jpg
/photos/-Q_t4SCN8c4,https://unsplash.com/photos/-Q_t4SCN8c4/download?force=true,https://storage.cloud.google.com/avtech-pixabay/Unsplesh/Relaxed/Relaxed_-Q_t4SCN8c4_unsplash.jpg
/photos/eofm5R5f9Kw,https://unsplash.com/photos/eofm5R5f9Kw/download?force=true,https://storage.cloud.google.com/avtech-pixabay/Unsplesh/Relaxed/Relaxed_eofm5R5f9Kw_unsplash.jpg
/photos/3yyOurQ8KxI,https://unsplash.com/photos/3yyOurQ8KxI/download?force=true,https://storage.cloud.google.com/avtech-pixabay/Unsplesh/Relaxed/Relaxed_3yyOurQ8KxI_unsplash.jpg
/photos/TlBF3ZUVTvE,https://unsplash.com/photos/TlBF3ZUVTvE/download?force=true,https://storage.cloud.google.com/avtech-pixabay/Unsplesh/Relaxed/Relaxed_TlBF3ZUVTvE_unsplash.jpg
/photos/Yui5vfKHuzs,https://unsplash.com/photos/Yui5vfKHuzs/download?force=true,https://storage.cloud.google.com/avtech-pixabay/Unsplesh/Relaxed/Relaxed_Yui5vfKHuzs_unsplash.jpg
/photos/wW0BUXTTUmU,https://unsplash.com/photos/wW0BUXTTUmU/download?force=true,https://storage.cloud.google.com/avtech-pixabay/Unsplesh/Relaxed/Relaxed_wW0BUXTTUmU_unsplash.jpg
/photos/kTLBgc6tZN0,https://unsplash.com/photos/kTLBgc6tZN0/download?force=true,https://storage.cloud.google.com/avtech-pixabay/Unsplesh/Relaxed/Relaxed_kTLBgc6tZN0_unsplash.jpg
/photos/RpS21EjSMgM,https://unsplash.com/photos/RpS21EjSMgM/download?force=true,https://storage.cloud.google.com/avtech-pixabay/Unsplesh/Relaxed/Relaxed_RpS21EjSMgM_unsplash.jpg
/photos/kEK6JV642fQ,https://unsplash.com/photos/kEK6JV642fQ/download?force=true,https://storage.cloud.google.com/avtech-pixabay/Unsplesh/Relaxed/Relaxed_kEK6JV642fQ_unsplash.jpg
/photos/IgE49g4qbCk,https://unsplash.com/photos/IgE49g4qbCk/download?force=true,https://storage.cloud.google.com/avtech-pixabay/Unsplesh/Relaxed/Relaxed_IgE49g4qbCk_unsplash.jpg
/photos/LOK9asGQKTQ,https://unsplash.com/photos/LOK9asGQKTQ/download?force=true,https://storage.cloud.google.com/avtech-pixabay/Unsplesh/Relaxed/Relaxed_LOK9asGQKTQ_unsplash.jpg
/photos/KSoKYx-p27I,https://unsplash.com/photos/KSoKYx-p27I/download?force=true,https://storage.cloud.google.com/avtech-pixabay/Unsplesh/Relaxed/Relaxed_KSoKYx-p27I_unsplash.jpg
/photos/mpHiSZS2-Yo,https://unsplash.com/photos/mpHiSZS2-Yo/download?force=true,https://storage.cloud.google.com/avtech-pixabay/Unsplesh/Relaxed/Relaxed_mpHiSZS2-Yo_unsplash.jpg
/photos/zFRi60ijZw8,https://unsplash.com/photos/zFRi60ijZw8/download?force=true,https://storage.cloud.google.com/avtech-pixabay/Unsplesh/Relaxed/Relaxed_zFRi60ijZw8_unsplash.jpg
/photos/0UwReJo-7as,https://unsplash.com/photos/0UwReJo-7as/download?force=true,https://storage.cloud.google.com/avtech-pixabay/Unsplesh/Relaxed/Relaxed_0UwReJo-7as_unsplash.jpg
/photos/lH_shm35QIA,https://unsplash.com/photos/lH_shm35QIA/download?force=true,https://storage.cloud.google.com/avtech-pixabay/Unsplesh/Relaxed/Relaxed_lH_shm35QIA_unsplash.jpg
/photos/396OUIAFiwk,https://unsplash.com/photos/396OUIAFiwk/download?force=true,https://storage.cloud.google.com/avtech-pixabay/Unsplesh/Relaxed/Relaxed_396OUIAFiwk_unsplash.jpg
/photos/sZdI8vmNK-E,https://unsplash.com/photos/sZdI8vmNK-E/download?force=true,https://storage.cloud.google.com/avtech-pixabay/Unsplesh/Relaxed/Relaxed_sZdI8vmNK-E_unsplash.jpg
/photos/opv2F2Ns7qg,https://unsplash.com/photos/opv2F2Ns7qg/download?force=true,https://storage.cloud.google.com/avtech-pixabay/Unsplesh/Relaxed/Relaxed_opv2F2Ns7qg_unsplash.jpg
/photos/ZeYUA9hj-48,https://unsplash.com/photos/ZeYUA9hj-48/download?force=true,https://storage.cloud.google.com/avtech-pixabay/Unsplesh/Relaxed/Relaxed_ZeYUA9hj-48_unsplash.jpg
/photos/W5qJExlQTGI,https://unsplash.com/photos/W5qJExlQTGI/download?force=true,https://storage.cloud.google.com/avtech-pixabay/Unsplesh/Relaxed/Relaxed_W5qJExlQTGI_unsplash.jpg
/photos/hepkGwP-MYg,https://unsplash.com/photos/hepkGwP-MYg/download?force=true,https://storage.cloud.google.com/avtech-pixabay/Unsplesh/Relaxed/Relaxed_hepkGwP-MYg_unsplash.jpg
/photos/XM_2oqcbpIQ,https://unsplash.com/photos/XM_2oqcbpIQ/download?force=true,https://storage.cloud.google.com/avtech-pixabay/Unsplesh/Relaxed/Relaxed_XM_2oqcbpIQ_unsplash.jpg
/photos/dJw88I9GeNI,https://unsplash.com/photos/dJw88I9GeNI/download?force=true,https://storage.cloud.google.com/avtech-pixabay/Unsplesh/Relaxed/Relaxed_dJw88I9GeNI_unsplash.jpg
/photos/f4rQR1wrVuI,https://unsplash.com/photos/f4rQR1wrVuI/download?force=true,https://storage.cloud.google.com/avtech-pixabay/Unsplesh/Relaxed/Relaxed_f4rQR1wrVuI_unsplash.jpg
/photos/TW0yaCaRDhw,https://unsplash.com/photos/TW0yaCaRDhw/download?force=true,https://storage.cloud.google.com/avtech-pixabay/Unsplesh/Relaxed/Relaxed_TW0yaCaRDhw_unsplash.jpg
/photos/6uyKmS_Q_Vs,https://unsplash.com/photos/6uyKmS_Q_Vs/download?force=true,https://storage.cloud.google.com/avtech-pixabay/Unsplesh/Relaxed/Relaxed_6uyKmS_Q_Vs_unsplash.jpg
/photos/YumiD4DmYBA,https://unsplash.com/photos/YumiD4DmYBA/download?force=true,https://storage.cloud.google.com/avtech-pixabay/Unsplesh/Relaxed/Relaxed_YumiD4DmYBA_unsplash.jpg
/photos/iEfQhc9_dO8,https://unsplash.com/photos/iEfQhc9_dO8/download?force=true,https://storage.cloud.google.com/avtech-pixabay/Unsplesh/Relaxed/Relaxed_iEfQhc9_dO8_unsplash.jpg
/photos/iv6sp7K2rk0,https://unsplash.com/photos/iv6sp7K2rk0/download?force=true,https://storage.cloud.google.com/avtech-pixabay/Unsplesh/Relaxed/Relaxed_iv6sp7K2rk0_unsplash.jpg
/photos/oEpnMn1y-7A,https://unsplash.com/photos/oEpnMn1y-7A/download?force=true,https://storage.cloud.google.com/avtech-pixabay/Unsplesh/Relaxed/Relaxed_oEpnMn1y-7A_unsplash.jpg
/photos/Q5Uf3B8Ej7A,https://unsplash.com/photos/Q5Uf3B8Ej7A/download?force=true,https://storage.cloud.google.com/avtech-pixabay/Unsplesh/Relaxed/Relaxed_Q5Uf3B8Ej7A_unsplash.jpg
/photos/HHHDHVxGK68,https://unsplash.com/photos/HHHDHVxGK68/download?force=true,https://storage.cloud.google.com/avtech-pixabay/Unsplesh/Relaxed/Relaxed_HHHDHVxGK68_unsplash.jpg
/photos/ro-0iZdoxWs,https://unsplash.com/photos/ro-0iZdoxWs/download?force=true,https://storage.cloud.google.com/avtech-pixabay/Unsplesh/Relaxed/Relaxed_ro-0iZdoxWs_unsplash.jpg
/photos/VISrmQlll9o,https://unsplash.com/photos/VISrmQlll9o/download?force=true,https://storage.cloud.google.com/avtech-pixabay/Unsplesh/Relaxed/Relaxed_VISrmQlll9o_unsplash.jpg
/photos/QPqUrQFpRZQ,https://unsplash.com/photos/QPqUrQFpRZQ/download?force=true,https://storage.cloud.google.com/avtech-pixabay/Unsplesh/Relaxed/Relaxed_QPqUrQFpRZQ_unsplash.jpg
/photos/od8z6SJxcPY,https://unsplash.com/photos/od8z6SJxcPY/download?force=true,https://storage.cloud.google.com/avtech-pixabay/Unsplesh/Relaxed/Relaxed_od8z6SJxcPY_unsplash.jpg
/photos/C4rOnHaSB34,https://unsplash.com/photos/C4rOnHaSB34/download?force=true,https://storage.cloud.google.com/avtech-pixabay/Unsplesh/Relaxed/Relaxed_C4rOnHaSB34_unsplash.jpg
/photos/X0GUo45fhCA,https://unsplash.com/photos/X0GUo45fhCA/download?force=true,https://storage.cloud.google.com/avtech-pixabay/Unsplesh/Relaxed/Relaxed_X0GUo45fhCA_unsplash.jpg
/photos/WTe3w4POlCE,https://unsplash.com/photos/WTe3w4POlCE/download?force=true,https://storage.cloud.google.com/avtech-pixabay/Unsplesh/Relaxed/Relaxed_WTe3w4POlCE_unsplash.jpg
/photos/VVVLN9tZo4g,https://unsplash.com/photos/VVVLN9tZo4g/download?force=true,https://storage.cloud.google.com/avtech-pixabay/Unsplesh/Relaxed/Relaxed_VVVLN9tZo4g_unsplash.jpg
/photos/D9w-8CO3Grc,https://unsplash.com/photos/D9w-8CO3Grc/download?force=true,https://storage.cloud.google.com/avtech-pixabay/Unsplesh/Relaxed/Relaxed_D9w-8CO3Grc_unsplash.jpg
/photos/HPubOrDsQzY,https://unsplash.com/photos/HPubOrDsQzY/download?force=true,https://storage.cloud.google.com/avtech-pixabay/Unsplesh/Relaxed/Relaxed_HPubOrDsQzY_unsplash.jpg
/photos/Pb_EG7iUK0s,https://unsplash.com/photos/Pb_EG7iUK0s/download?force=true,https://storage.cloud.google.com/avtech-pixabay/Unsplesh/Relaxed/Relaxed_Pb_EG7iUK0s_unsplash.jpg
/photos/4B9YvcKAZ74,https://unsplash.com/photos/4B9YvcKAZ74/download?force=true,https://storage.cloud.google.com/avtech-pixabay/Unsplesh/Relaxed/Relaxed_4B9YvcKAZ74_unsplash.jpg
/photos/VcxWXsabxP8,https://unsplash.com/photos/VcxWXsabxP8/download?force=true,https://storage.cloud.google.com/avtech-pixabay/Unsplesh/Relaxed/Relaxed_VcxWXsabxP8_unsplash.jpg
/photos/sZzx0cUDX98,https://unsplash.com/photos/sZzx0cUDX98/download?force=true,https://storage.cloud.google.com/avtech-pixabay/Unsplesh/Relaxed/Relaxed_sZzx0cUDX98_unsplash.jpg
/photos/NWvktLj6dBU,https://unsplash.com/photos/NWvktLj6dBU/download?force=true,https://storage.cloud.google.com/avtech-pixabay/Unsplesh/Relaxed/Relaxed_NWvktLj6dBU_unsplash.jpg
/photos/2FoqQ0EPwLg,https://unsplash.com/photos/2FoqQ0EPwLg/download?force=true,https://storage.cloud.google.com/avtech-pixabay/Unsplesh/Relaxed/Relaxed_2FoqQ0EPwLg_unsplash.jpg
/photos/6HrRvNnaz-A,https://unsplash.com/photos/6HrRvNnaz-A/download?force=true,https://storage.cloud.google.com/avtech-pixabay/Unsplesh/Relaxed/Relaxed_6HrRvNnaz-A_unsplash.jpg
/photos/VDihQhOiOkI,https://unsplash.com/photos/VDihQhOiOkI/download?force=true,https://storage.cloud.google.com/avtech-pixabay/Unsplesh/Relaxed/Relaxed_VDihQhOiOkI_unsplash.jpg
/photos/D4g64YUacLA,https://unsplash.com/photos/D4g64YUacLA/download?force=true,https://storage.cloud.google.com/avtech-pixabay/Unsplesh/Relaxed/Relaxed_D4g64YUacLA_unsplash.jpg
/photos/GpBtG5aFHB0,https://unsplash.com/photos/GpBtG5aFHB0/download?force=true,https://storage.cloud.google.com/avtech-pixabay/Unsplesh/Relaxed/Relaxed_GpBtG5aFHB0_unsplash.jpg
/photos/x7S0DXiSY9I,https://unsplash.com/photos/x7S0DXiSY9I/download?force=true,https://storage.cloud.google.com/avtech-pixabay/Unsplesh/Relaxed/Relaxed_x7S0DXiSY9I_unsplash.jpg
/photos/r-8zCTvHO-E,https://unsplash.com/photos/r-8zCTvHO-E/download?force=true,https://storage.cloud.google.com/avtech-pixabay/Unsplesh/Relaxed/Relaxed_r-8zCTvHO-E_unsplash.jpg
/photos/k0A5PKHi59w,https://unsplash.com/photos/k0A5PKHi59w/download?force=true,https://storage.cloud.google.com/avtech-pixabay/Unsplesh/Relaxed/Relaxed_k0A5PKHi59w_unsplash.jpg
/photos/s5S3MPQb2Hk,https://unsplash.com/photos/s5S3MPQb2Hk/download?force=true,https://storage.cloud.google.com/avtech-pixabay/Unsplesh/Relaxed/Relaxed_s5S3MPQb2Hk_unsplash.jpg
/photos/QerW_rWishA,https://unsplash.com/photos/QerW_rWishA/download?force=true,https://storage.cloud.google.com/avtech-pixabay/Unsplesh/Relaxed/Relaxed_QerW_rWishA_unsplash.jpg
/photos/esCc1qx6TVw,https://unsplash.com/photos/esCc1qx6TVw/download?force=true,https://storage.cloud.google.com/avtech-pixabay/Unsplesh/Relaxed/Relaxed_esCc1qx6TVw_unsplash.jpg
/photos/yp41e_avNrs,https://unsplash.com/photos/yp41e_avNrs/download?force=true,https://storage.cloud.google.com/avtech-pixabay/Unsplesh/Relaxed/Relaxed_yp41e_avNrs_unsplash.jpg
/photos/kbBFMDKbNdQ,https://unsplash.com/photos/kbBFMDKbNdQ/download?force=true,https://storage.cloud.google.com/avtech-pixabay/Unsplesh/Relaxed/Relaxed_kbBFMDKbNdQ_unsplash.jpg
/photos/3eGkZziEvYU,https://unsplash.com/photos/3eGkZziEvYU/download?force=true,https://storage.cloud.google.com/avtech-pixabay/Unsplesh/Relaxed/Relaxed_3eGkZziEvYU_unsplash.jpg
/photos/hHCDldR1ZcQ,https://unsplash.com/photos/hHCDldR1ZcQ/download?force=true,https://storage.cloud.google.com/avtech-pixabay/Unsplesh/Relaxed/Relaxed_hHCDldR1ZcQ_unsplash.jpg
/photos/EYLSbqLYcBM,https://unsplash.com/photos/EYLSbqLYcBM/download?force=true,https://storage.cloud.google.com/avtech-pixabay/Unsplesh/Relaxed/Relaxed_EYLSbqLYcBM_unsplash.jpg
/photos/eCWNsqVsavM,https://unsplash.com/photos/eCWNsqVsavM/download?force=true,https://storage.cloud.google.com/avtech-pixabay/Unsplesh/Relaxed/Relaxed_eCWNsqVsavM_unsplash.jpg
/photos/ZA_KE8ECTTc,https://unsplash.com/photos/ZA_KE8ECTTc/download?force=true,https://storage.cloud.google.com/avtech-pixabay/Unsplesh/Relaxed/Relaxed_ZA_KE8ECTTc_unsplash.jpg
/photos/fKqoXigj5Z8,https://unsplash.com/photos/fKqoXigj5Z8/download?force=true,https://storage.cloud.google.com/avtech-pixabay/Unsplesh/Relaxed/Relaxed_fKqoXigj5Z8_unsplash.jpg
/photos/zDHUYnBdesI,https://unsplash.com/photos/zDHUYnBdesI/download?force=true,https://storage.cloud.google.com/avtech-pixabay/Unsplesh/Relaxed/Relaxed_zDHUYnBdesI_unsplash.jpg
/photos/aPJif68ghkg,https://unsplash.com/photos/aPJif68ghkg/download?force=true,https://storage.cloud.google.com/avtech-pixabay/Unsplesh/Relaxed/Relaxed_aPJif68ghkg_unsplash.jpg
/photos/Fa55WPZr-6g,https://unsplash.com/photos/Fa55WPZr-6g/download?force=true,https://storage.cloud.google.com/avtech-pixabay/Unsplesh/Relaxed/Relaxed_Fa55WPZr-6g_unsplash.jpg
/photos/gG70fyu3qsg,https://unsplash.com/photos/gG70fyu3qsg/download?force=true,https://storage.cloud.google.com/avtech-pixabay/Unsplesh/Relaxed/Relaxed_gG70fyu3qsg_unsplash.jpg
/photos/jErznkBC17I,https://unsplash.com/photos/jErznkBC17I/download?force=true,https://storage.cloud.google.com/avtech-pixabay/Unsplesh/Relaxed/Relaxed_jErznkBC17I_unsplash.jpg
/photos/7h9oWQ2VHOc,https://unsplash.com/photos/7h9oWQ2VHOc/download?force=true,https://storage.cloud.google.com/avtech-pixabay/Unsplesh/Relaxed/Relaxed_7h9oWQ2VHOc_unsplash.jpg
/photos/Bp2m9qSK6NU,https://unsplash.com/photos/Bp2m9qSK6NU/download?force=true,https://storage.cloud.google.com/avtech-pixabay/Unsplesh/Relaxed/Relaxed_Bp2m9qSK6NU_unsplash.jpg
/photos/oSB1G-hZxv8,https://unsplash.com/photos/oSB1G-hZxv8/download?force=true,https://storage.cloud.google.com/avtech-pixabay/Unsplesh/Relaxed/Relaxed_oSB1G-hZxv8_unsplash.jpg
/photos/hGf62gWyhJE,https://unsplash.com/photos/hGf62gWyhJE/download?force=true,https://storage.cloud.google.com/avtech-pixabay/Unsplesh/Relaxed/Relaxed_hGf62gWyhJE_unsplash.jpg
/photos/Dkg5dmxvlNU,https://unsplash.com/photos/Dkg5dmxvlNU/download?force=true,https://storage.cloud.google.com/avtech-pixabay/Unsplesh/Relaxed/Relaxed_Dkg5dmxvlNU_unsplash.jpg
/photos/8DxF1IU1jJA,https://unsplash.com/photos/8DxF1IU1jJA/download?force=true,https://storage.cloud.google.com/avtech-pixabay/Unsplesh/Relaxed/Relaxed_8DxF1IU1jJA_unsplash.jpg
/photos/8ZlthJO53Qc,https://unsplash.com/photos/8ZlthJO53Qc/download?force=true,https://storage.cloud.google.com/avtech-pixabay/Unsplesh/Relaxed/Relaxed_8ZlthJO53Qc_unsplash.jpg
/photos/-4py5nPsP9U,https://unsplash.com/photos/-4py5nPsP9U/download?force=true,https://storage.cloud.google.com/avtech-pixabay/Unsplesh/Relaxed/Relaxed_-4py5nPsP9U_unsplash.jpg
/photos/pcUPXngmaNE,https://unsplash.com/photos/pcUPXngmaNE/download?force=true,https://storage.cloud.google.com/avtech-pixabay/Unsplesh/Relaxed/Relaxed_pcUPXngmaNE_unsplash.jpg
/photos/q0T2nx9N_-4,https://unsplash.com/photos/q0T2nx9N_-4/download?force=true,https://storage.cloud.google.com/avtech-pixabay/Unsplesh/Relaxed/Relaxed_q0T2nx9N_-4_unsplash.jpg
/photos/pgiJ4Varshg,https://unsplash.com/photos/pgiJ4Varshg/download?force=true,https://storage.cloud.google.com/avtech-pixabay/Unsplesh/Relaxed/Relaxed_pgiJ4Varshg_unsplash.jpg
/photos/MKRO6WL7ZfU,https://unsplash.com/photos/MKRO6WL7ZfU/download?force=true,https://storage.cloud.google.com/avtech-pixabay/Unsplesh/Relaxed/Relaxed_MKRO6WL7ZfU_unsplash.jpg
/photos/j_ka8Bz-Xpk,https://unsplash.com/photos/j_ka8Bz-Xpk/download?force=true,https://storage.cloud.google.com/avtech-pixabay/Unsplesh/Relaxed/Relaxed_j_ka8Bz-Xpk_unsplash.jpg
/photos/bZtJgeehRVs,https://unsplash.com/photos/bZtJgeehRVs/download?force=true,https://storage.cloud.google.com/avtech-pixabay/Unsplesh/Relaxed/Relaxed_bZtJgeehRVs_unsplash.jpg
/photos/ZYyZHO7jNoA,https://unsplash.com/photos/ZYyZHO7jNoA/download?force=true,https://storage.cloud.google.com/avtech-pixabay/Unsplesh/Relaxed/Relaxed_ZYyZHO7jNoA_unsplash.jpg
/photos/nC5-Eptu1JE,https://unsplash.com/photos/nC5-Eptu1JE/download?force=true,https://storage.cloud.google.com/avtech-pixabay/Unsplesh/Relaxed/Relaxed_nC5-Eptu1JE_unsplash.jpg
/photos/jnRWLoBbzx4,https://unsplash.com/photos/jnRWLoBbzx4/download?force=true,https://storage.cloud.google.com/avtech-pixabay/Unsplesh/Relaxed/Relaxed_jnRWLoBbzx4_unsplash.jpg
/photos/AZBMRWyfN6c,https://unsplash.com/photos/AZBMRWyfN6c/download?force=true,https://storage.cloud.google.com/avtech-pixabay/Unsplesh/Relaxed/Relaxed_AZBMRWyfN6c_unsplash.jpg
/photos/F5MtlhmBOf0,https://unsplash.com/photos/F5MtlhmBOf0/download?force=true,https://storage.cloud.google.com/avtech-pixabay/Unsplesh/Relaxed/Relaxed_F5MtlhmBOf0_unsplash.jpg
/photos/qyf115CV8IM,https://unsplash.com/photos/qyf115CV8IM/download?force=true,https://storage.cloud.google.com/avtech-pixabay/Unsplesh/Relaxed/Relaxed_qyf115CV8IM_unsplash.jpg
/photos/mOk_Ac6IPPY,https://unsplash.com/photos/mOk_Ac6IPPY/download?force=true,https://storage.cloud.google.com/avtech-pixabay/Unsplesh/Relaxed/Relaxed_mOk_Ac6IPPY_unsplash.jpg
/photos/lUx8JtwReV0,https://unsplash.com/photos/lUx8JtwReV0/download?force=true,https://storage.cloud.google.com/avtech-pixabay/Unsplesh/Relaxed/Relaxed_lUx8JtwReV0_unsplash.jpg
/photos/cusbuH6PdTM,https://unsplash.com/photos/cusbuH6PdTM/download?force=true,https://storage.cloud.google.com/avtech-pixabay/Unsplesh/Relaxed/Relaxed_cusbuH6PdTM_unsplash.jpg
/photos/c1wBBxbyJ3o,https://unsplash.com/photos/c1wBBxbyJ3o/download?force=true,https://storage.cloud.google.com/avtech-pixabay/Unsplesh/Relaxed/Relaxed_c1wBBxbyJ3o_unsplash.jpg
/photos/JuMrIE10_5c,https://unsplash.com/photos/JuMrIE10_5c/download?force=true,https://storage.cloud.google.com/avtech-pixabay/Unsplesh/Relaxed/Relaxed_JuMrIE10_5c_unsplash.jpg
/photos/U1t34Bukk6U,https://unsplash.com/photos/U1t34Bukk6U/download?force=true,https://storage.cloud.google.com/avtech-pixabay/Unsplesh/Relaxed/Relaxed_U1t34Bukk6U_unsplash.jpg
/photos/9-tt8owLvm4,https://unsplash.com/photos/9-tt8owLvm4/download?force=true,https://storage.cloud.google.com/avtech-pixabay/Unsplesh/Relaxed/Relaxed_9-tt8owLvm4_unsplash.jpg
/photos/3Z0ev9DqwsY,https://unsplash.com/photos/3Z0ev9DqwsY/download?force=true,https://storage.cloud.google.com/avtech-pixabay/Unsplesh/Relaxed/Relaxed_3Z0ev9DqwsY_unsplash.jpg
/photos/eeFKl8zS65w,https://unsplash.com/photos/eeFKl8zS65w/download?force=true,https://storage.cloud.google.com/avtech-pixabay/Unsplesh/Relaxed/Relaxed_eeFKl8zS65w_unsplash.jpg
/photos/6fvX_EhLBdA,https://unsplash.com/photos/6fvX_EhLBdA/download?force=true,https://storage.cloud.google.com/avtech-pixabay/Unsplesh/Relaxed/Relaxed_6fvX_EhLBdA_unsplash.jpg
/photos/_D77wZ79Cys,https://unsplash.com/photos/_D77wZ79Cys/download?force=true,https://storage.cloud.google.com/avtech-pixabay/Unsplesh/Relaxed/Relaxed__D77wZ79Cys_unsplash.jpg
/photos/4EDoa-XQavg,https://unsplash.com/photos/4EDoa-XQavg/download?force=true,https://storage.cloud.google.com/avtech-pixabay/Unsplesh/Relaxed/Relaxed_4EDoa-XQavg_unsplash.jpg
/photos/EUZyxsnZR6s,https://unsplash.com/photos/EUZyxsnZR6s/download?force=true,https://storage.cloud.google.com/avtech-pixabay/Unsplesh/Relaxed/Relaxed_EUZyxsnZR6s_unsplash.jpg
/photos/yXt2BNgUHCI,https://unsplash.com/photos/yXt2BNgUHCI/download?force=true,https://storage.cloud.google.com/avtech-pixabay/Unsplesh/Relaxed/Relaxed_yXt2BNgUHCI_unsplash.jpg
/photos/jiZa2LSjLmo,https://unsplash.com/photos/jiZa2LSjLmo/download?force=true,https://storage.cloud.google.com/avtech-pixabay/Unsplesh/Relaxed/Relaxed_jiZa2LSjLmo_unsplash.jpg
/photos/0i41LXXQjhU,https://unsplash.com/photos/0i41LXXQjhU/download?force=true,https://storage.cloud.google.com/avtech-pixabay/Unsplesh/Relaxed/Relaxed_0i41LXXQjhU_unsplash.jpg
/photos/N3_1MHuVOKk,https://unsplash.com/photos/N3_1MHuVOKk/download?force=true,https://storage.cloud.google.com/avtech-pixabay/Unsplesh/Relaxed/Relaxed_N3_1MHuVOKk_unsplash.jpg
/photos/6nmG1NDbZYY,https://unsplash.com/photos/6nmG1NDbZYY/download?force=true,https://storage.cloud.google.com/avtech-pixabay/Unsplesh/Relaxed/Relaxed_6nmG1NDbZYY_unsplash.jpg
/photos/ACnVaN4fqik,https://unsplash.com/photos/ACnVaN4fqik/download?force=true,https://storage.cloud.google.com/avtech-pixabay/Unsplesh/Relaxed/Relaxed_ACnVaN4fqik_unsplash.jpg
/photos/GSf2UBfZ14Y,https://unsplash.com/photos/GSf2UBfZ14Y/download?force=true,https://storage.cloud.google.com/avtech-pixabay/Unsplesh/Relaxed/Relaxed_GSf2UBfZ14Y_unsplash.jpg
/photos/tH3e-4QTuwk,https://unsplash.com/photos/tH3e-4QTuwk/download?force=true,https://storage.cloud.google.com/avtech-pixabay/Unsplesh/Relaxed/Relaxed_tH3e-4QTuwk_unsplash.jpg
/photos/kbrXlb5JQdk,https://unsplash.com/photos/kbrXlb5JQdk/download?force=true,https://storage.cloud.google.com/avtech-pixabay/Unsplesh/Relaxed/Relaxed_kbrXlb5JQdk_unsplash.jpg
/photos/h3sgSxW5xHE,https://unsplash.com/photos/h3sgSxW5xHE/download?force=true,https://storage.cloud.google.com/avtech-pixabay/Unsplesh/Relaxed/Relaxed_h3sgSxW5xHE_unsplash.jpg
/photos/0jgAnkgYwBE,https://unsplash.com/photos/0jgAnkgYwBE/download?force=true,https://storage.cloud.google.com/avtech-pixabay/Unsplesh/Relaxed/Relaxed_0jgAnkgYwBE_unsplash.jpg
/photos/JwF1IAkB8Os,https://unsplash.com/photos/JwF1IAkB8Os/download?force=true,https://storage.cloud.google.com/avtech-pixabay/Unsplesh/Relaxed/Relaxed_JwF1IAkB8Os_unsplash.jpg
/photos/oFAVqfTSby8,https://unsplash.com/photos/oFAVqfTSby8/download?force=true,https://storage.cloud.google.com/avtech-pixabay/Unsplesh/Relaxed/Relaxed_oFAVqfTSby8_unsplash.jpg
/photos/ygn9SCQRATg,https://unsplash.com/photos/ygn9SCQRATg/download?force=true,https://storage.cloud.google.com/avtech-pixabay/Unsplesh/Relaxed/Relaxed_ygn9SCQRATg_unsplash.jpg
/photos/dC5YbKG2Qks,https://unsplash.com/photos/dC5YbKG2Qks/download?force=true,https://storage.cloud.google.com/avtech-pixabay/Unsplesh/Relaxed/Relaxed_dC5YbKG2Qks_unsplash.jpg
/photos/d1ngW7SNehM,https://unsplash.com/photos/d1ngW7SNehM/download?force=true,https://storage.cloud.google.com/avtech-pixabay/Unsplesh/Relaxed/Relaxed_d1ngW7SNehM_unsplash.jpg
/photos/qtYLV71kI9s,https://unsplash.com/photos/qtYLV71kI9s/download?force=true,https://storage.cloud.google.com/avtech-pixabay/Unsplesh/Relaxed/Relaxed_qtYLV71kI9s_unsplash.jpg
/photos/hlTKfBLNvss,https://unsplash.com/photos/hlTKfBLNvss/download?force=true,https://storage.cloud.google.com/avtech-pixabay/Unsplesh/Relaxed/Relaxed_hlTKfBLNvss_unsplash.jpg
/photos/XzNaQtulJjk,https://unsplash.com/photos/XzNaQtulJjk/download?force=true,https://storage.cloud.google.com/avtech-pixabay/Unsplesh/Relaxed/Relaxed_XzNaQtulJjk_unsplash.jpg
/photos/3MTWqcVqjeE,https://unsplash.com/photos/3MTWqcVqjeE/download?force=true,https://storage.cloud.google.com/avtech-pixabay/Unsplesh/Relaxed/Relaxed_3MTWqcVqjeE_unsplash.jpg
/photos/bsW7DL20Vro,https://unsplash.com/photos/bsW7DL20Vro/download?force=true,https://storage.cloud.google.com/avtech-pixabay/Unsplesh/Relaxed/Relaxed_bsW7DL20Vro_unsplash.jpg
/photos/2fFFhdw_PKw,https://unsplash.com/photos/2fFFhdw_PKw/download?force=true,https://storage.cloud.google.com/avtech-pixabay/Unsplesh/Relaxed/Relaxed_2fFFhdw_PKw_unsplash.jpg
/photos/p6Dhl0yIeWw,https://unsplash.com/photos/p6Dhl0yIeWw/download?force=true,https://storage.cloud.google.com/avtech-pixabay/Unsplesh/Relaxed/Relaxed_p6Dhl0yIeWw_unsplash.jpg
/photos/ISlQmEretYg,https://unsplash.com/photos/ISlQmEretYg/download?force=true,https://storage.cloud.google.com/avtech-pixabay/Unsplesh/Relaxed/Relaxed_ISlQmEretYg_unsplash.jpg
/photos/56CTY3SxXrQ,https://unsplash.com/photos/56CTY3SxXrQ/download?force=true,https://storage.cloud.google.com/avtech-pixabay/Unsplesh/Relaxed/Relaxed_56CTY3SxXrQ_unsplash.jpg
/photos/gXwh7Qkiw20,https://unsplash.com/photos/gXwh7Qkiw20/download?force=true,https://storage.cloud.google.com/avtech-pixabay/Unsplesh/Relaxed/Relaxed_gXwh7Qkiw20_unsplash.jpg
/photos/LEgwEaBVGMo,https://unsplash.com/photos/LEgwEaBVGMo/download?force=true,https://storage.cloud.google.com/avtech-pixabay/Unsplesh/Relaxed/Relaxed_LEgwEaBVGMo_unsplash.jpg
/photos/8n00CqwnqO8,https://unsplash.com/photos/8n00CqwnqO8/download?force=true,https://storage.cloud.google.com/avtech-pixabay/Unsplesh/Relaxed/Relaxed_8n00CqwnqO8_unsplash.jpg
/photos/yOuFjbZ4LUw,https://unsplash.com/photos/yOuFjbZ4LUw/download?force=true,https://storage.cloud.google.com/avtech-pixabay/Unsplesh/Relaxed/Relaxed_yOuFjbZ4LUw_unsplash.jpg
/photos/chrXKN7J8ic,https://unsplash.com/photos/chrXKN7J8ic/download?force=true,https://storage.cloud.google.com/avtech-pixabay/Unsplesh/Relaxed/Relaxed_chrXKN7J8ic_unsplash.jpg
/photos/HPnuNhMW-Ws,https://unsplash.com/photos/HPnuNhMW-Ws/download?force=true,https://storage.cloud.google.com/avtech-pixabay/Unsplesh/Relaxed/Relaxed_HPnuNhMW-Ws_unsplash.jpg
/photos/wS0JvVrjDDw,https://unsplash.com/photos/wS0JvVrjDDw/download?force=true,https://storage.cloud.google.com/avtech-pixabay/Unsplesh/Relaxed/Relaxed_wS0JvVrjDDw_unsplash.jpg
/photos/NTyBbu66_SI,https://unsplash.com/photos/NTyBbu66_SI/download?force=true,https://storage.cloud.google.com/avtech-pixabay/Unsplesh/Relaxed/Relaxed_NTyBbu66_SI_unsplash.jpg
/photos/TStNU7H4UEE,https://unsplash.com/photos/TStNU7H4UEE/download?force=true,https://storage.cloud.google.com/avtech-pixabay/Unsplesh/Relaxed/Relaxed_TStNU7H4UEE_unsplash.jpg
/photos/odxB5oIG_iA,https://unsplash.com/photos/odxB5oIG_iA/download?force=true,https://storage.cloud.google.com/avtech-pixabay/Unsplesh/Relaxed/Relaxed_odxB5oIG_iA_unsplash.jpg
/photos/t1XLQvDqt_4,https://unsplash.com/photos/t1XLQvDqt_4/download?force=true,https://storage.cloud.google.com/avtech-pixabay/Unsplesh/Relaxed/Relaxed_t1XLQvDqt_4_unsplash.jpg
/photos/5kmKb2Jql-U,https://unsplash.com/photos/5kmKb2Jql-U/download?force=true,https://storage.cloud.google.com/avtech-pixabay/Unsplesh/Relaxed/Relaxed_5kmKb2Jql-U_unsplash.jpg
/photos/VD-Vjc8VmRA,https://unsplash.com/photos/VD-Vjc8VmRA/download?force=true,https://storage.cloud.google.com/avtech-pixabay/Unsplesh/Relaxed/Relaxed_VD-Vjc8VmRA_unsplash.jpg
/photos/TWB035qnbQs,https://unsplash.com/photos/TWB035qnbQs/download?force=true,https://storage.cloud.google.com/avtech-pixabay/Unsplesh/Relaxed/Relaxed_TWB035qnbQs_unsplash.jpg
/photos/8EexLsq4adk,https://unsplash.com/photos/8EexLsq4adk/download?force=true,https://storage.cloud.google.com/avtech-pixabay/Unsplesh/Relaxed/Relaxed_8EexLsq4adk_unsplash.jpg
/photos/odDNih29McU,https://unsplash.com/photos/odDNih29McU/download?force=true,https://storage.cloud.google.com/avtech-pixabay/Unsplesh/Relaxed/Relaxed_odDNih29McU_unsplash.jpg
/photos/QdQSuk4iS50,https://unsplash.com/photos/QdQSuk4iS50/download?force=true,https://storage.cloud.google.com/avtech-pixabay/Unsplesh/Relaxed/Relaxed_QdQSuk4iS50_unsplash.jpg
/photos/mZQpsI1CoVQ,https://unsplash.com/photos/mZQpsI1CoVQ/download?force=true,https://storage.cloud.google.com/avtech-pixabay/Unsplesh/Relaxed/Relaxed_mZQpsI1CoVQ_unsplash.jpg
/photos/RFcjHE7J5SE,https://unsplash.com/photos/RFcjHE7J5SE/download?force=true,https://storage.cloud.google.com/avtech-pixabay/Unsplesh/Relaxed/Relaxed_RFcjHE7J5SE_unsplash.jpg
/photos/6RI9-xSaELE,https://unsplash.com/photos/6RI9-xSaELE/download?force=true,https://storage.cloud.google.com/avtech-pixabay/Unsplesh/Relaxed/Relaxed_6RI9-xSaELE_unsplash.jpg
/photos/Dqx4XWuXu7w,https://unsplash.com/photos/Dqx4XWuXu7w/download?force=true,https://storage.cloud.google.com/avtech-pixabay/Unsplesh/Relaxed/Relaxed_Dqx4XWuXu7w_unsplash.jpg
/photos/HS5CLnQbCOc,https://unsplash.com/photos/HS5CLnQbCOc/download?force=true,https://storage.cloud.google.com/avtech-pixabay/Unsplesh/Relaxed/Relaxed_HS5CLnQbCOc_unsplash.jpg
/photos/ll-BoE4zFyE,https://unsplash.com/photos/ll-BoE4zFyE/download?force=true,https://storage.cloud.google.com/avtech-pixabay/Unsplesh/Relaxed/Relaxed_ll-BoE4zFyE_unsplash.jpg
/photos/PYX-UfEHPfE,https://unsplash.com/photos/PYX-UfEHPfE/download?force=true,https://storage.cloud.google.com/avtech-pixabay/Unsplesh/Relaxed/Relaxed_PYX-UfEHPfE_unsplash.jpg
/photos/hBLf2nvp-Yc,https://unsplash.com/photos/hBLf2nvp-Yc/download?force=true,https://storage.cloud.google.com/avtech-pixabay/Unsplesh/Relaxed/Relaxed_hBLf2nvp-Yc_unsplash.jpg
/photos/qgh5tuELdx4,https://unsplash.com/photos/qgh5tuELdx4/download?force=true,https://storage.cloud.google.com/avtech-pixabay/Unsplesh/Relaxed/Relaxed_qgh5tuELdx4_unsplash.jpg
/photos/APFyIrmgbAE,https://unsplash.com/photos/APFyIrmgbAE/download?force=true,https://storage.cloud.google.com/avtech-pixabay/Unsplesh/Relaxed/Relaxed_APFyIrmgbAE_unsplash.jpg
/photos/DneLF0frPTA,https://unsplash.com/photos/DneLF0frPTA/download?force=true,https://storage.cloud.google.com/avtech-pixabay/Unsplesh/Relaxed/Relaxed_DneLF0frPTA_unsplash.jpg
/photos/Vk9pmo7oJa0,https://unsplash.com/photos/Vk9pmo7oJa0/download?force=true,https://storage.cloud.google.com/avtech-pixabay/Unsplesh/Relaxed/Relaxed_Vk9pmo7oJa0_unsplash.jpg
/photos/gkppkg0_G1c,https://unsplash.com/photos/gkppkg0_G1c/download?force=true,https://storage.cloud.google.com/avtech-pixabay/Unsplesh/Relaxed/Relaxed_gkppkg0_G1c_unsplash.jpg
/photos/tvRAIEPrqN0,https://unsplash.com/photos/tvRAIEPrqN0/download?force=true,https://storage.cloud.google.com/avtech-pixabay/Unsplesh/Relaxed/Relaxed_tvRAIEPrqN0_unsplash.jpg
/photos/FhSwzBOVnE0,https://unsplash.com/photos/FhSwzBOVnE0/download?force=true,https://storage.cloud.google.com/avtech-pixabay/Unsplesh/Relaxed/Relaxed_FhSwzBOVnE0_unsplash.jpg
/photos/8wGbG05o-TI,https://unsplash.com/photos/8wGbG05o-TI/download?force=true,https://storage.cloud.google.com/avtech-pixabay/Unsplesh/Relaxed/Relaxed_8wGbG05o-TI_unsplash.jpg
/photos/5Xg_K7UWeF0,https://unsplash.com/photos/5Xg_K7UWeF0/download?force=true,https://storage.cloud.google.com/avtech-pixabay/Unsplesh/Relaxed/Relaxed_5Xg_K7UWeF0_unsplash.jpg
/photos/NYHD2uSURR0,https://unsplash.com/photos/NYHD2uSURR0/download?force=true,https://storage.cloud.google.com/avtech-pixabay/Unsplesh/Relaxed/Relaxed_NYHD2uSURR0_unsplash.jpg
/photos/7NwuBLo0kuU,https://unsplash.com/photos/7NwuBLo0kuU/download?force=true,https://storage.cloud.google.com/avtech-pixabay/Unsplesh/Relaxed/Relaxed_7NwuBLo0kuU_unsplash.jpg
/photos/yIbY-PfRMQc,https://unsplash.com/photos/yIbY-PfRMQc/download?force=true,https://storage.cloud.google.com/avtech-pixabay/Unsplesh/Relaxed/Relaxed_yIbY-PfRMQc_unsplash.jpg
/photos/K9_QDflyh5E,https://unsplash.com/photos/K9_QDflyh5E/download?force=true,https://storage.cloud.google.com/avtech-pixabay/Unsplesh/Relaxed/Relaxed_K9_QDflyh5E_unsplash.jpg
/photos/wR1BWpaAOZc,https://unsplash.com/photos/wR1BWpaAOZc/download?force=true,https://storage.cloud.google.com/avtech-pixabay/Unsplesh/Relaxed/Relaxed_wR1BWpaAOZc_unsplash.jpg
/photos/SGBGU5ZhENo,https://unsplash.com/photos/SGBGU5ZhENo/download?force=true,https://storage.cloud.google.com/avtech-pixabay/Unsplesh/Relaxed/Relaxed_SGBGU5ZhENo_unsplash.jpg
/photos/k2A0ZDFyPAg,https://unsplash.com/photos/k2A0ZDFyPAg/download?force=true,https://storage.cloud.google.com/avtech-pixabay/Unsplesh/Relaxed/Relaxed_k2A0ZDFyPAg_unsplash.jpg
/photos/cDQAWnEiCpI,https://unsplash.com/photos/cDQAWnEiCpI/download?force=true,https://storage.cloud.google.com/avtech-pixabay/Unsplesh/Relaxed/Relaxed_cDQAWnEiCpI_unsplash.jpg
/photos/fOFOBKwqdfA,https://unsplash.com/photos/fOFOBKwqdfA/download?force=true,https://storage.cloud.google.com/avtech-pixabay/Unsplesh/Relaxed/Relaxed_fOFOBKwqdfA_unsplash.jpg
/photos/sjDnVZHGasU,https://unsplash.com/photos/sjDnVZHGasU/download?force=true,https://storage.cloud.google.com/avtech-pixabay/Unsplesh/Relaxed/Relaxed_sjDnVZHGasU_unsplash.jpg
/photos/bfprN7vYtdE,https://unsplash.com/photos/bfprN7vYtdE/download?force=true,https://storage.cloud.google.com/avtech-pixabay/Unsplesh/Relaxed/Relaxed_bfprN7vYtdE_unsplash.jpg
/photos/zBdt7h20v-E,https://unsplash.com/photos/zBdt7h20v-E/download?force=true,https://storage.cloud.google.com/avtech-pixabay/Unsplesh/Relaxed/Relaxed_zBdt7h20v-E_unsplash.jpg
/photos/tzt-w1TCTNw,https://unsplash.com/photos/tzt-w1TCTNw/download?force=true,https://storage.cloud.google.com/avtech-pixabay/Unsplesh/Relaxed/Relaxed_tzt-w1TCTNw_unsplash.jpg
/photos/Ete0zMKPWys,https://unsplash.com/photos/Ete0zMKPWys/download?force=true,https://storage.cloud.google.com/avtech-pixabay/Unsplesh/Relaxed/Relaxed_Ete0zMKPWys_unsplash.jpg
/photos/_yAhvVlMdIQ,https://unsplash.com/photos/_yAhvVlMdIQ/download?force=true,https://storage.cloud.google.com/avtech-pixabay/Unsplesh/Relaxed/Relaxed__yAhvVlMdIQ_unsplash.jpg
/photos/znBnD5ZApvQ,https://unsplash.com/photos/znBnD5ZApvQ/download?force=true,https://storage.cloud.google.com/avtech-pixabay/Unsplesh/Relaxed/Relaxed_znBnD5ZApvQ_unsplash.jpg
/photos/ZBBKk2-Cgf8,https://unsplash.com/photos/ZBBKk2-Cgf8/download?force=true,https://storage.cloud.google.com/avtech-pixabay/Unsplesh/Relaxed/Relaxed_ZBBKk2-Cgf8_unsplash.jpg
/photos/tUE9PZH2baQ,https://unsplash.com/photos/tUE9PZH2baQ/download?force=true,https://storage.cloud.google.com/avtech-pixabay/Unsplesh/Relaxed/Relaxed_tUE9PZH2baQ_unsplash.jpg
/photos/BsjASVFy6IU,https://unsplash.com/photos/BsjASVFy6IU/download?force=true,https://storage.cloud.google.com/avtech-pixabay/Unsplesh/Relaxed/Relaxed_BsjASVFy6IU_unsplash.jpg
/photos/sHcVnx1jmeU,https://unsplash.com/photos/sHcVnx1jmeU/download?force=true,https://storage.cloud.google.com/avtech-pixabay/Unsplesh/Relaxed/Relaxed_sHcVnx1jmeU_unsplash.jpg
/photos/q2ov6QBmlBc,https://unsplash.com/photos/q2ov6QBmlBc/download?force=true,https://storage.cloud.google.com/avtech-pixabay/Unsplesh/Relaxed/Relaxed_q2ov6QBmlBc_unsplash.jpg
/photos/zwgBAb_8Xtc,https://unsplash.com/photos/zwgBAb_8Xtc/download?force=true,https://storage.cloud.google.com/avtech-pixabay/Unsplesh/Relaxed/Relaxed_zwgBAb_8Xtc_unsplash.jpg
/photos/te5at4c-OK0,https://unsplash.com/photos/te5at4c-OK0/download?force=true,https://storage.cloud.google.com/avtech-pixabay/Unsplesh/Relaxed/Relaxed_te5at4c-OK0_unsplash.jpg
/photos/4iknJXlUCjo,https://unsplash.com/photos/4iknJXlUCjo/download?force=true,https://storage.cloud.google.com/avtech-pixabay/Unsplesh/Relaxed/Relaxed_4iknJXlUCjo_unsplash.jpg
/photos/8R8F_sm4RSk,https://unsplash.com/photos/8R8F_sm4RSk/download?force=true,https://storage.cloud.google.com/avtech-pixabay/Unsplesh/Relaxed/Relaxed_8R8F_sm4RSk_unsplash.jpg
/photos/5jy7qGmArQw,https://unsplash.com/photos/5jy7qGmArQw/download?force=true,https://storage.cloud.google.com/avtech-pixabay/Unsplesh/Relaxed/Relaxed_5jy7qGmArQw_unsplash.jpg
/photos/9JZCmsPVCnk,https://unsplash.com/photos/9JZCmsPVCnk/download?force=true,https://storage.cloud.google.com/avtech-pixabay/Unsplesh/Relaxed/Relaxed_9JZCmsPVCnk_unsplash.jpg
/photos/9_w16htEhIM,https://unsplash.com/photos/9_w16htEhIM/download?force=true,https://storage.cloud.google.com/avtech-pixabay/Unsplesh/Relaxed/Relaxed_9_w16htEhIM_unsplash.jpg
/photos/qbHk7iZTXu0,https://unsplash.com/photos/qbHk7iZTXu0/download?force=true,https://storage.cloud.google.com/avtech-pixabay/Unsplesh/Relaxed/Relaxed_qbHk7iZTXu0_unsplash.jpg
/photos/q1TqXrkhSSs,https://unsplash.com/photos/q1TqXrkhSSs/download?force=true,https://storage.cloud.google.com/avtech-pixabay/Unsplesh/Relaxed/Relaxed_q1TqXrkhSSs_unsplash.jpg
/photos/T9Cvw1VopvM,https://unsplash.com/photos/T9Cvw1VopvM/download?force=true,https://storage.cloud.google.com/avtech-pixabay/Unsplesh/Relaxed/Relaxed_T9Cvw1VopvM_unsplash.jpg
/photos/CSRPxGJVbzc,https://unsplash.com/photos/CSRPxGJVbzc/download?force=true,https://storage.cloud.google.com/avtech-pixabay/Unsplesh/Relaxed/Relaxed_CSRPxGJVbzc_unsplash.jpg
/photos/yaAh6fIp9NE,https://unsplash.com/photos/yaAh6fIp9NE/download?force=true,https://storage.cloud.google.com/avtech-pixabay/Unsplesh/Relaxed/Relaxed_yaAh6fIp9NE_unsplash.jpg
/photos/y1vHhKsAFXc,https://unsplash.com/photos/y1vHhKsAFXc/download?force=true,https://storage.cloud.google.com/avtech-pixabay/Unsplesh/Relaxed/Relaxed_y1vHhKsAFXc_unsplash.jpg
/photos/rkji9hajIeM,https://unsplash.com/photos/rkji9hajIeM/download?force=true,https://storage.cloud.google.com/avtech-pixabay/Unsplesh/Relaxed/Relaxed_rkji9hajIeM_unsplash.jpg
/photos/NVTCjwsCWv4,https://unsplash.com/photos/NVTCjwsCWv4/download?force=true,https://storage.cloud.google.com/avtech-pixabay/Unsplesh/Relaxed/Relaxed_NVTCjwsCWv4_unsplash.jpg
/photos/R5rVLQZ8hG8,https://unsplash.com/photos/R5rVLQZ8hG8/download?force=true,https://storage.cloud.google.com/avtech-pixabay/Unsplesh/Relaxed/Relaxed_R5rVLQZ8hG8_unsplash.jpg
/photos/8gyHCIFpP0c,https://unsplash.com/photos/8gyHCIFpP0c/download?force=true,https://storage.cloud.google.com/avtech-pixabay/Unsplesh/Relaxed/Relaxed_8gyHCIFpP0c_unsplash.jpg
/photos/xbJHiTMl46E,https://unsplash.com/photos/xbJHiTMl46E/download?force=true,https://storage.cloud.google.com/avtech-pixabay/Unsplesh/Relaxed/Relaxed_xbJHiTMl46E_unsplash.jpg
/photos/P1eIw1CAWRM,https://unsplash.com/photos/P1eIw1CAWRM/download?force=true,https://storage.cloud.google.com/avtech-pixabay/Unsplesh/Relaxed/Relaxed_P1eIw1CAWRM_unsplash.jpg
/photos/8NtTbjRlizg,https://unsplash.com/photos/8NtTbjRlizg/download?force=true,https://storage.cloud.google.com/avtech-pixabay/Unsplesh/Relaxed/Relaxed_8NtTbjRlizg_unsplash.jpg
/photos/pTUeTnFeScQ,https://unsplash.com/photos/pTUeTnFeScQ/download?force=true,https://storage.cloud.google.com/avtech-pixabay/Unsplesh/Relaxed/Relaxed_pTUeTnFeScQ_unsplash.jpg
/photos/dJcatbecQsQ,https://unsplash.com/photos/dJcatbecQsQ/download?force=true,https://storage.cloud.google.com/avtech-pixabay/Unsplesh/Relaxed/Relaxed_dJcatbecQsQ_unsplash.jpg
/photos/h_SZ0PFglbQ,https://unsplash.com/photos/h_SZ0PFglbQ/download?force=true,https://storage.cloud.google.com/avtech-pixabay/Unsplesh/Relaxed/Relaxed_h_SZ0PFglbQ_unsplash.jpg
/photos/Ueb2yBtoG1I,https://unsplash.com/photos/Ueb2yBtoG1I/download?force=true,https://storage.cloud.google.com/avtech-pixabay/Unsplesh/Relaxed/Relaxed_Ueb2yBtoG1I_unsplash.jpg
/photos/eCpXftG93GA,https://unsplash.com/photos/eCpXftG93GA/download?force=true,https://storage.cloud.google.com/avtech-pixabay/Unsplesh/Relaxed/Relaxed_eCpXftG93GA_unsplash.jpg
/photos/FroqTbXPx6E,https://unsplash.com/photos/FroqTbXPx6E/download?force=true,https://storage.cloud.google.com/avtech-pixabay/Unsplesh/Relaxed/Relaxed_FroqTbXPx6E_unsplash.jpg
/photos/pvrVbs1isIE,https://unsplash.com/photos/pvrVbs1isIE/download?force=true,https://storage.cloud.google.com/avtech-pixabay/Unsplesh/Relaxed/Relaxed_pvrVbs1isIE_unsplash.jpg
/photos/vfXsFPaNsWc,https://unsplash.com/photos/vfXsFPaNsWc/download?force=true,https://storage.cloud.google.com/avtech-pixabay/Unsplesh/Relaxed/Relaxed_vfXsFPaNsWc_unsplash.jpg
/photos/P6Wzt9FVdJ8,https://unsplash.com/photos/P6Wzt9FVdJ8/download?force=true,https://storage.cloud.google.com/avtech-pixabay/Unsplesh/Relaxed/Relaxed_P6Wzt9FVdJ8_unsplash.jpg
/photos/jzbSsO1bRZE,https://unsplash.com/photos/jzbSsO1bRZE/download?force=true,https://storage.cloud.google.com/avtech-pixabay/Unsplesh/Relaxed/Relaxed_jzbSsO1bRZE_unsplash.jpg
/photos/WkJT13yaOGk,https://unsplash.com/photos/WkJT13yaOGk/download?force=true,https://storage.cloud.google.com/avtech-pixabay/Unsplesh/Relaxed/Relaxed_WkJT13yaOGk_unsplash.jpg
/photos/iwFWEYMSVoI,https://unsplash.com/photos/iwFWEYMSVoI/download?force=true,https://storage.cloud.google.com/avtech-pixabay/Unsplesh/Relaxed/Relaxed_iwFWEYMSVoI_unsplash.jpg
/photos/Q9OaF8CvMS0,https://unsplash.com/photos/Q9OaF8CvMS0/download?force=true,https://storage.cloud.google.com/avtech-pixabay/Unsplesh/Relaxed/Relaxed_Q9OaF8CvMS0_unsplash.jpg
/photos/i3-l-1jzLTw,https://unsplash.com/photos/i3-l-1jzLTw/download?force=true,https://storage.cloud.google.com/avtech-pixabay/Unsplesh/Relaxed/Relaxed_i3-l-1jzLTw_unsplash.jpg
/photos/pLKCgQjX2g8,https://unsplash.com/photos/pLKCgQjX2g8/download?force=true,https://storage.cloud.google.com/avtech-pixabay/Unsplesh/Relaxed/Relaxed_pLKCgQjX2g8_unsplash.jpg
/photos/Be03gq0my8Q,https://unsplash.com/photos/Be03gq0my8Q/download?force=true,https://storage.cloud.google.com/avtech-pixabay/Unsplesh/Relaxed/Relaxed_Be03gq0my8Q_unsplash.jpg
/photos/KqEGGlflpeA,https://unsplash.com/photos/KqEGGlflpeA/download?force=true,https://storage.cloud.google.com/avtech-pixabay/Unsplesh/Relaxed/Relaxed_KqEGGlflpeA_unsplash.jpg
/photos/_YQgJos0SKE,https://unsplash.com/photos/_YQgJos0SKE/download?force=true,https://storage.cloud.google.com/avtech-pixabay/Unsplesh/Relaxed/Relaxed__YQgJos0SKE_unsplash.jpg
/photos/4MkeXtLll_Q,https://unsplash.com/photos/4MkeXtLll_Q/download?force=true,https://storage.cloud.google.com/avtech-pixabay/Unsplesh/Relaxed/Relaxed_4MkeXtLll_Q_unsplash.jpg
/photos/oRakpNC53cs,https://unsplash.com/photos/oRakpNC53cs/download?force=true,https://storage.cloud.google.com/avtech-pixabay/Unsplesh/Relaxed/Relaxed_oRakpNC53cs_unsplash.jpg
/photos/oH3NzPHyOYw,https://unsplash.com/photos/oH3NzPHyOYw/download?force=true,https://storage.cloud.google.com/avtech-pixabay/Unsplesh/Relaxed/Relaxed_oH3NzPHyOYw_unsplash.jpg
/photos/lts2T-t9zwk,https://unsplash.com/photos/lts2T-t9zwk/download?force=true,https://storage.cloud.google.com/avtech-pixabay/Unsplesh/Relaxed/Relaxed_lts2T-t9zwk_unsplash.jpg
/photos/uaKUt2rDDsk,https://unsplash.com/photos/uaKUt2rDDsk/download?force=true,https://storage.cloud.google.com/avtech-pixabay/Unsplesh/Relaxed/Relaxed_uaKUt2rDDsk_unsplash.jpg
/photos/YviwaHDVDS4,https://unsplash.com/photos/YviwaHDVDS4/download?force=true,https://storage.cloud.google.com/avtech-pixabay/Unsplesh/Relaxed/Relaxed_YviwaHDVDS4_unsplash.jpg
/photos/t9srbqqBE2c,https://unsplash.com/photos/t9srbqqBE2c/download?force=true,https://storage.cloud.google.com/avtech-pixabay/Unsplesh/Relaxed/Relaxed_t9srbqqBE2c_unsplash.jpg
/photos/S2doySNGUwk,https://unsplash.com/photos/S2doySNGUwk/download?force=true,https://storage.cloud.google.com/avtech-pixabay/Unsplesh/Relaxed/Relaxed_S2doySNGUwk_unsplash.jpg
/photos/rTgoXcqSM1U,https://unsplash.com/photos/rTgoXcqSM1U/download?force=true,https://storage.cloud.google.com/avtech-pixabay/Unsplesh/Relaxed/Relaxed_rTgoXcqSM1U_unsplash.jpg
/photos/6LjO1FS1plc,https://unsplash.com/photos/6LjO1FS1plc/download?force=true,https://storage.cloud.google.com/avtech-pixabay/Unsplesh/Relaxed/Relaxed_6LjO1FS1plc_unsplash.jpg
/photos/THwBN_THuZI,https://unsplash.com/photos/THwBN_THuZI/download?force=true,https://storage.cloud.google.com/avtech-pixabay/Unsplesh/Relaxed/Relaxed_THwBN_THuZI_unsplash.jpg
/photos/hTd7AEBfn_U,https://unsplash.com/photos/hTd7AEBfn_U/download?force=true,https://storage.cloud.google.com/avtech-pixabay/Unsplesh/Relaxed/Relaxed_hTd7AEBfn_U_unsplash.jpg
/photos/s8BEDpyLF3M,https://unsplash.com/photos/s8BEDpyLF3M/download?force=true,https://storage.cloud.google.com/avtech-pixabay/Unsplesh/Relaxed/Relaxed_s8BEDpyLF3M_unsplash.jpg
/photos/yZLocwDBqtI,https://unsplash.com/photos/yZLocwDBqtI/download?force=true,https://storage.cloud.google.com/avtech-pixabay/Unsplesh/Relaxed/Relaxed_yZLocwDBqtI_unsplash.jpg
/photos/pTiZF8QRIu0,https://unsplash.com/photos/pTiZF8QRIu0/download?force=true,https://storage.cloud.google.com/avtech-pixabay/Unsplesh/Relaxed/Relaxed_pTiZF8QRIu0_unsplash.jpg
/photos/_UYCUMEW0M4,https://unsplash.com/photos/_UYCUMEW0M4/download?force=true,https://storage.cloud.google.com/avtech-pixabay/Unsplesh/Relaxed/Relaxed__UYCUMEW0M4_unsplash.jpg
/photos/kU2tlmZKwk8,https://unsplash.com/photos/kU2tlmZKwk8/download?force=true,https://storage.cloud.google.com/avtech-pixabay/Unsplesh/Relaxed/Relaxed_kU2tlmZKwk8_unsplash.jpg
/photos/XV5Osh0TOuc,https://unsplash.com/photos/XV5Osh0TOuc/download?force=true,https://storage.cloud.google.com/avtech-pixabay/Unsplesh/Relaxed/Relaxed_XV5Osh0TOuc_unsplash.jpg
/photos/CnXVHyO1GGA,https://unsplash.com/photos/CnXVHyO1GGA/download?force=true,https://storage.cloud.google.com/avtech-pixabay/Unsplesh/Relaxed/Relaxed_CnXVHyO1GGA_unsplash.jpg
/photos/2i27YnySNBw,https://unsplash.com/photos/2i27YnySNBw/download?force=true,https://storage.cloud.google.com/avtech-pixabay/Unsplesh/Relaxed/Relaxed_2i27YnySNBw_unsplash.jpg
/photos/_zuZ7VvWiBQ,https://unsplash.com/photos/_zuZ7VvWiBQ/download?force=true,https://storage.cloud.google.com/avtech-pixabay/Unsplesh/Relaxed/Relaxed__zuZ7VvWiBQ_unsplash.jpg
/photos/A89q-EFB9X4,https://unsplash.com/photos/A89q-EFB9X4/download?force=true,https://storage.cloud.google.com/avtech-pixabay/Unsplesh/Relaxed/Relaxed_A89q-EFB9X4_unsplash.jpg
/photos/eI5yqPjpObU,https://unsplash.com/photos/eI5yqPjpObU/download?force=true,https://storage.cloud.google.com/avtech-pixabay/Unsplesh/Relaxed/Relaxed_eI5yqPjpObU_unsplash.jpg
/photos/vGL-tNja_nE,https://unsplash.com/photos/vGL-tNja_nE/download?force=true,https://storage.cloud.google.com/avtech-pixabay/Unsplesh/Relaxed/Relaxed_vGL-tNja_nE_unsplash.jpg
/photos/RUo6p124tRQ,https://unsplash.com/photos/RUo6p124tRQ/download?force=true,https://storage.cloud.google.com/avtech-pixabay/Unsplesh/Relaxed/Relaxed_RUo6p124tRQ_unsplash.jpg
/photos/PQZzJ7QRdyQ,https://unsplash.com/photos/PQZzJ7QRdyQ/download?force=true,https://storage.cloud.google.com/avtech-pixabay/Unsplesh/Relaxed/Relaxed_PQZzJ7QRdyQ_unsplash.jpg
/photos/DBgAe6iXCYA,https://unsplash.com/photos/DBgAe6iXCYA/download?force=true,https://storage.cloud.google.com/avtech-pixabay/Unsplesh/Relaxed/Relaxed_DBgAe6iXCYA_unsplash.jpg
/photos/EHz3crLbDug,https://unsplash.com/photos/EHz3crLbDug/download?force=true,https://storage.cloud.google.com/avtech-pixabay/Unsplesh/Relaxed/Relaxed_EHz3crLbDug_unsplash.jpg
/photos/t_GQks30Aeg,https://unsplash.com/photos/t_GQks30Aeg/download?force=true,https://storage.cloud.google.com/avtech-pixabay/Unsplesh/Relaxed/Relaxed_t_GQks30Aeg_unsplash.jpg
/photos/xU3ia910mpU,https://unsplash.com/photos/xU3ia910mpU/download?force=true,https://storage.cloud.google.com/avtech-pixabay/Unsplesh/Relaxed/Relaxed_xU3ia910mpU_unsplash.jpg
/photos/dnxDKUpoyk4,https://unsplash.com/photos/dnxDKUpoyk4/download?force=true,https://storage.cloud.google.com/avtech-pixabay/Unsplesh/Relaxed/Relaxed_dnxDKUpoyk4_unsplash.jpg
/photos/IoIuM5VDruM,https://unsplash.com/photos/IoIuM5VDruM/download?force=true,https://storage.cloud.google.com/avtech-pixabay/Unsplesh/Relaxed/Relaxed_IoIuM5VDruM_unsplash.jpg
/photos/QSAvb9eXvKA,https://unsplash.com/photos/QSAvb9eXvKA/download?force=true,https://storage.cloud.google.com/avtech-pixabay/Unsplesh/Relaxed/Relaxed_QSAvb9eXvKA_unsplash.jpg
/photos/CugYNpbhihA,https://unsplash.com/photos/CugYNpbhihA/download?force=true,https://storage.cloud.google.com/avtech-pixabay/Unsplesh/Relaxed/Relaxed_CugYNpbhihA_unsplash.jpg
/photos/_d3b9A_bvbY,https://unsplash.com/photos/_d3b9A_bvbY/download?force=true,https://storage.cloud.google.com/avtech-pixabay/Unsplesh/Relaxed/Relaxed__d3b9A_bvbY_unsplash.jpg
/photos/6NM0r4_XYWo,https://unsplash.com/photos/6NM0r4_XYWo/download?force=true,https://storage.cloud.google.com/avtech-pixabay/Unsplesh/Relaxed/Relaxed_6NM0r4_XYWo_unsplash.jpg
/photos/1m2LQEonm2A,https://unsplash.com/photos/1m2LQEonm2A/download?force=true,https://storage.cloud.google.com/avtech-pixabay/Unsplesh/Relaxed/Relaxed_1m2LQEonm2A_unsplash.jpg
/photos/pTHH7nFcWjg,https://unsplash.com/photos/pTHH7nFcWjg/download?force=true,https://storage.cloud.google.com/avtech-pixabay/Unsplesh/Relaxed/Relaxed_pTHH7nFcWjg_unsplash.jpg
/photos/UDGO6m2jm08,https://unsplash.com/photos/UDGO6m2jm08/download?force=true,https://storage.cloud.google.com/avtech-pixabay/Unsplesh/Relaxed/Relaxed_UDGO6m2jm08_unsplash.jpg
/photos/WG0Svo_kHSM,https://unsplash.com/photos/WG0Svo_kHSM/download?force=true,https://storage.cloud.google.com/avtech-pixabay/Unsplesh/Relaxed/Relaxed_WG0Svo_kHSM_unsplash.jpg
/photos/TKkxx2gnGPA,https://unsplash.com/photos/TKkxx2gnGPA/download?force=true,https://storage.cloud.google.com/avtech-pixabay/Unsplesh/Relaxed/Relaxed_TKkxx2gnGPA_unsplash.jpg
/photos/X2VAtajUOm0,https://unsplash.com/photos/X2VAtajUOm0/download?force=true,https://storage.cloud.google.com/avtech-pixabay/Unsplesh/Relaxed/Relaxed_X2VAtajUOm0_unsplash.jpg
/photos/t0FSCSAfsYg,https://unsplash.com/photos/t0FSCSAfsYg/download?force=true,https://storage.cloud.google.com/avtech-pixabay/Unsplesh/Relaxed/Relaxed_t0FSCSAfsYg_unsplash.jpg
/photos/mMzVTy2V1Do,https://unsplash.com/photos/mMzVTy2V1Do/download?force=true,https://storage.cloud.google.com/avtech-pixabay/Unsplesh/Relaxed/Relaxed_mMzVTy2V1Do_unsplash.jpg
/photos/7jwihtVnYKM,https://unsplash.com/photos/7jwihtVnYKM/download?force=true,https://storage.cloud.google.com/avtech-pixabay/Unsplesh/Relaxed/Relaxed_7jwihtVnYKM_unsplash.jpg
/photos/HQb8NvrrKWk,https://unsplash.com/photos/HQb8NvrrKWk/download?force=true,https://storage.cloud.google.com/avtech-pixabay/Unsplesh/Relaxed/Relaxed_HQb8NvrrKWk_unsplash.jpg
/photos/_XjF_MN83ms,https://unsplash.com/photos/_XjF_MN83ms/download?force=true,https://storage.cloud.google.com/avtech-pixabay/Unsplesh/Relaxed/Relaxed__XjF_MN83ms_unsplash.jpg
/photos/LcAZcVWsCIo,https://unsplash.com/photos/LcAZcVWsCIo/download?force=true,https://storage.cloud.google.com/avtech-pixabay/Unsplesh/Relaxed/Relaxed_LcAZcVWsCIo_unsplash.jpg
/photos/9qYKMbBCFjc,https://unsplash.com/photos/9qYKMbBCFjc/download?force=true,https://storage.cloud.google.com/avtech-pixabay/Unsplesh/Relaxed/Relaxed_9qYKMbBCFjc_unsplash.jpg
/photos/vkAYK53iTNE,https://unsplash.com/photos/vkAYK53iTNE/download?force=true,https://storage.cloud.google.com/avtech-pixabay/Unsplesh/Relaxed/Relaxed_vkAYK53iTNE_unsplash.jpg
/photos/AOXw5x_bvVE,https://unsplash.com/photos/AOXw5x_bvVE/download?force=true,https://storage.cloud.google.com/avtech-pixabay/Unsplesh/Relaxed/Relaxed_AOXw5x_bvVE_unsplash.jpg
/photos/mMolCwtrEss,https://unsplash.com/photos/mMolCwtrEss/download?force=true,https://storage.cloud.google.com/avtech-pixabay/Unsplesh/Relaxed/Relaxed_mMolCwtrEss_unsplash.jpg
/photos/CvVgHAGfWes,https://unsplash.com/photos/CvVgHAGfWes/download?force=true,https://storage.cloud.google.com/avtech-pixabay/Unsplesh/Relaxed/Relaxed_CvVgHAGfWes_unsplash.jpg
/photos/EpdxJcu_13A,https://unsplash.com/photos/EpdxJcu_13A/download?force=true,https://storage.cloud.google.com/avtech-pixabay/Unsplesh/Relaxed/Relaxed_EpdxJcu_13A_unsplash.jpg
/photos/w9LRMH47GOA,https://unsplash.com/photos/w9LRMH47GOA/download?force=true,https://storage.cloud.google.com/avtech-pixabay/Unsplesh/Relaxed/Relaxed_w9LRMH47GOA_unsplash.jpg
/photos/6Qo_vw9kRlQ,https://unsplash.com/photos/6Qo_vw9kRlQ/download?force=true,https://storage.cloud.google.com/avtech-pixabay/Unsplesh/Relaxed/Relaxed_6Qo_vw9kRlQ_unsplash.jpg
/photos/vVN_U8ir8CU,https://unsplash.com/photos/vVN_U8ir8CU/download?force=true,https://storage.cloud.google.com/avtech-pixabay/Unsplesh/Relaxed/Relaxed_vVN_U8ir8CU_unsplash.jpg
/photos/xzE4-0gSYuo,https://unsplash.com/photos/xzE4-0gSYuo/download?force=true,https://storage.cloud.google.com/avtech-pixabay/Unsplesh/Relaxed/Relaxed_xzE4-0gSYuo_unsplash.jpg
/photos/_Cuc_nXXkSI,https://unsplash.com/photos/_Cuc_nXXkSI/download?force=true,https://storage.cloud.google.com/avtech-pixabay/Unsplesh/Relaxed/Relaxed__Cuc_nXXkSI_unsplash.jpg
/photos/3Gh-BnAavc8,https://unsplash.com/photos/3Gh-BnAavc8/download?force=true,https://storage.cloud.google.com/avtech-pixabay/Unsplesh/Relaxed/Relaxed_3Gh-BnAavc8_unsplash.jpg
/photos/-bIYlN2TMfA,https://unsplash.com/photos/-bIYlN2TMfA/download?force=true,https://storage.cloud.google.com/avtech-pixabay/Unsplesh/Relaxed/Relaxed_-bIYlN2TMfA_unsplash.jpg
